txn_id,user_id,merchant,category,amount,hour,day_of_week,timestamp,is_anomaly
TXN00352,USER014,IRCTC,Travel,836.06,11,6,2026-05-17 11:43:47.754909,0
TXN00689,USER021,Blinkit,Groceries,1548.87,6,6,2026-05-10 06:08:47.754909,0
TXN00485,USER016,Spotify,Entertainment,1456.18,13,0,2026-05-04 13:04:47.754909,0
TXN00388,USER020,IRCTC,Travel,3201.52,22,6,2026-05-03 22:28:47.754909,0
TXN00031,USER020,BookMyShow,Entertainment,1450.07,4,4,2026-06-05 04:13:47.754909,0
TXN00442,USER036,Myntra,Shopping,1850.37,4,4,2026-05-15 04:59:47.754909,0
TXN00198,USER031,Netflix,Entertainment,842.72,2,4,2026-05-01 02:44:47.754909,0
TXN00425,USER043,BookMyShow,Entertainment,877.75,9,4,2026-04-03 09:09:47.754909,0
TXN00107,USER049,Spotify,Entertainment,557.62,7,0,2026-05-25 07:49:47.754909,0
TXN00714,USER002,Ola,Transport,377.23,4,0,2026-04-13 04:14:47.754909,0
TXN00552,USER023,Nykaa,Shopping,339.83,2,4,2026-06-19 02:56:47.754909,0
TXN00675,USER050,BigBasket,Groceries,1071.14,9,6,2026-05-31 09:36:47.754909,0
TXN00158,USER021,Dunzo,Groceries,302.75,7,2,2026-04-08 07:44:47.754909,0
TXN00475,USER025,Dunzo,Groceries,460.58,8,4,2026-06-12 08:23:47.754909,0
TXN00423,USER020,Amazon,Shopping,4932.77,4,1,2026-06-02 04:54:47.754909,0
ATXN00024,USER021,Flipkart,Shopping,128.83,5,5,2026-04-11 18:39:47.754909,1
TXN00617,USER021,Zepto,Groceries,1100.49,2,4,2026-05-01 02:29:47.754909,0
TXN00483,USER021,BookMyShow,Entertainment,1241.48,1,4,2026-06-19 01:47:47.754909,0
TXN00884,USER021,BigBasket,Groceries,1271.49,5,5,2026-04-25 05:19:47.754909,0
TXN00650,USER011,DMart,Groceries,1544.92,21,2,2026-04-08 21:41:47.754909,0
TXN00244,USER014,BookMyShow,Entertainment,779.41,10,5,2026-05-23 10:45:47.754909,0
TXN00847,USER038,IRCTC,Travel,2973.22,2,1,2026-05-19 02:18:47.754909,0
TXN00982,USER029,Myntra,Shopping,2062.8,5,5,2026-06-06 05:51:47.754909,0
TXN00828,USER033,Ola,Transport,431.59,3,6,2026-06-14 03:16:47.754909,0
TXN00570,USER043,BookMyShow,Entertainment,261.5,22,5,2026-06-13 22:47:47.754909,0
TXN00059,USER039,Blinkit,Groceries,2278.77,5,3,2026-04-16 05:46:47.754909,0
TXN00290,USER025,Swiggy,Food,378.73,8,6,2026-05-17 08:43:47.754909,0
TXN00070,USER003,Ola,Transport,170.06,0,3,2026-06-25 00:52:47.754909,0
TXN00344,USER031,BigBasket,Groceries,2128.12,11,4,2026-04-17 11:54:47.754909,0
TXN00184,USER044,BookMyShow,Entertainment,302.94,11,2,2026-06-03 11:04:47.754909,0
TXN00141,USER038,Spotify,Entertainment,730.17,7,5,2026-05-23 07:23:47.754909,0
TXN00390,USER013,Dunzo,Groceries,1668.09,11,1,2026-04-14 11:45:47.754909,0
TXN00491,USER026,Spotify,Entertainment,202.63,13,4,2026-06-12 13:05:47.754909,0
TXN00826,USER030,Amazon,Shopping,2019.35,6,5,2026-04-25 06:36:47.754909,0
TXN00101,USER049,Nykaa,Shopping,2087.79,8,5,2026-03-28 08:47:47.754909,0
TXN00749,USER027,IRCTC,Travel,11305.96,0,0,2026-03-30 00:53:47.754909,0
TXN00551,USER034,PhonePe,Transfer,1457.58,1,1,2026-04-14 01:32:47.754909,0
TXN00306,USER013,BigBasket,Groceries,2204.93,22,6,2026-05-24 22:46:47.754909,0
TXN00986,USER003,Zepto,Groceries,1757.7,1,1,2026-06-09 01:34:47.754909,0
TXN00321,USER024,MakeMyTrip,Travel,11564.72,2,1,2026-06-09 02:01:47.754909,0
TXN00799,USER015,Zomato,Food,208.15,0,2,2026-04-29 00:04:47.754909,0
TXN00730,USER048,PhonePe,Transfer,3666.13,7,0,2026-06-22 07:55:47.754909,0
TXN00677,USER024,Zomato,Food,259.63,23,6,2026-05-24 23:26:47.754909,0
TXN00653,USER012,Dunzo,Groceries,1285.08,9,3,2026-05-14 09:51:47.754909,0
TXN00076,USER033,BookMyShow,Entertainment,583.31,11,3,2026-05-07 11:06:47.754909,0
TXN00192,USER039,Spotify,Entertainment,483.55,23,6,2026-06-07 23:26:47.754909,0
TXN00086,USER002,Ola,Transport,352.76,3,5,2026-04-25 03:37:47.754909,0
TXN00458,USER045,Zepto,Groceries,2773.63,4,6,2026-04-26 04:25:47.754909,0
ATXN00048,USER001,MakeMyTrip,Travel,531.05,1,6,2026-04-12 14:40:47.754909,1
TXN00918,USER017,Flipkart,Shopping,4314.8,5,0,2026-04-13 05:10:47.754909,0
ATXN00003,USER023,Nykaa,Shopping,66879.48,21,3,2026-05-21 10:51:47.754909,1
TXN00309,USER008,Myntra,Shopping,1644.72,7,4,2026-04-03 07:45:47.754909,0
TXN00743,USER036,Ola,Transport,266.87,9,5,2026-06-20 09:37:47.754909,0
TXN00873,USER011,DMart,Groceries,1629.53,5,3,2026-06-25 05:07:47.754909,0
TXN00398,USER008,Flipkart,Shopping,2205.46,7,6,2026-05-31 07:12:47.754909,0
TXN00616,USER037,Netflix,Entertainment,771.04,9,4,2026-05-29 09:26:47.754909,0
TXN00049,USER016,BigBasket,Groceries,2583.76,0,6,2026-04-05 00:11:47.754909,0
TXN00199,USER005,PhonePe,Transfer,7490.94,0,6,2026-05-10 00:57:47.754909,0
TXN00598,USER035,Flipkart,Shopping,2412.96,10,3,2026-05-07 10:35:47.754909,0
TXN00969,USER024,Zepto,Groceries,1947.12,5,3,2026-06-11 05:31:47.754909,0
TXN00882,USER030,Spotify,Entertainment,888.0,8,1,2026-04-28 08:17:47.754909,0
TXN00428,USER004,PhonePe,Transfer,8589.66,12,2,2026-04-15 12:26:47.754909,0
TXN00497,USER024,Zepto,Groceries,1762.38,4,2,2026-06-24 04:56:47.754909,0
TXN00603,USER026,Zomato,Food,567.57,2,3,2026-04-30 02:29:47.754909,0
TXN00010,USER024,Blinkit,Groceries,1264.35,8,0,2026-05-25 08:38:47.754909,0
TXN00888,USER048,Uber,Transport,132.25,3,1,2026-06-23 03:59:47.754909,0
TXN00670,USER032,Netflix,Entertainment,127.35,6,1,2026-05-05 06:45:47.754909,0
TXN00937,USER029,Flipkart,Shopping,942.13,12,5,2026-04-11 12:07:47.754909,0
TXN00928,USER010,BigBasket,Groceries,1437.21,10,2,2026-05-13 10:44:47.754909,0
TXN00557,USER045,DMart,Groceries,1880.02,7,5,2026-06-13 07:17:47.754909,0
TXN00636,USER006,BigBasket,Groceries,866.39,3,3,2026-05-07 03:08:47.754909,0
TXN00833,USER046,Zomato,Food,108.73,7,4,2026-06-19 07:34:47.754909,0
TXN00371,USER021,Zomato,Food,588.16,4,1,2026-06-02 04:03:47.754909,0
TXN00834,USER035,Zepto,Groceries,1973.99,6,5,2026-05-02 06:05:47.754909,0
TXN00582,USER015,Nykaa,Shopping,2052.2,22,5,2026-05-30 22:39:47.754909,0
TXN00333,USER009,Zepto,Groceries,1164.64,3,5,2026-06-06 03:17:47.754909,0
TXN00945,USER029,Blinkit,Groceries,2928.88,10,1,2026-04-28 10:17:47.754909,0
TXN00210,USER044,Myntra,Shopping,2383.9,8,0,2026-04-27 08:34:47.754909,0
ATXN00019,USER026,Swiggy,Food,192367.46,2,2,2026-04-15 15:49:47.754909,1
TXN00457,USER007,Flipkart,Shopping,688.62,8,4,2026-05-22 08:04:47.754909,0
TXN00088,USER026,Nykaa,Shopping,1213.85,9,3,2026-06-25 09:59:47.754909,0
TXN00879,USER007,Nykaa,Shopping,321.86,11,6,2026-04-19 11:00:47.754909,0
TXN00350,USER011,Paytm,Transfer,9344.14,4,3,2026-05-07 04:16:47.754909,0
TXN00218,USER012,Amazon,Shopping,369.84,7,0,2026-04-27 07:29:47.754909,0
TXN00413,USER023,Spotify,Entertainment,211.43,2,5,2026-06-20 02:09:47.754909,0
TXN00277,USER050,Swiggy,Food,341.07,3,0,2026-04-20 03:49:47.754909,0
TXN00959,USER045,IRCTC,Travel,10746.08,7,6,2026-06-07 07:02:47.754909,0
TXN00925,USER039,Uber,Transport,296.85,3,1,2026-04-14 03:05:47.754909,0
TXN00213,USER022,Myntra,Shopping,3316.01,21,3,2026-06-11 21:31:47.754909,0
TXN00096,USER022,Uber,Transport,247.94,4,6,2026-05-03 04:45:47.754909,0
TXN00078,USER028,BookMyShow,Entertainment,101.37,3,3,2026-06-04 03:51:47.754909,0
TXN00703,USER012,Flipkart,Shopping,3961.02,8,4,2026-05-29 08:08:47.754909,0
TXN00136,USER012,Nykaa,Shopping,1636.39,11,3,2026-05-28 11:49:47.754909,0
TXN00208,USER007,Dunzo,Groceries,1373.55,11,3,2026-04-16 11:09:47.754909,0
TXN00522,USER048,Ola,Transport,291.92,12,5,2026-04-18 12:04:47.754909,0
TXN00837,USER031,Netflix,Entertainment,1243.95,13,0,2026-05-11 13:18:47.754909,0
TXN00732,USER047,Flipkart,Shopping,1844.71,6,5,2026-05-23 06:24:47.754909,0
TXN00568,USER045,Spotify,Entertainment,920.6,23,3,2026-06-18 23:47:47.754909,0
TXN00260,USER037,IRCTC,Travel,7227.32,12,0,2026-06-08 12:11:47.754909,0
TXN00467,USER023,Swiggy,Food,536.57,12,6,2026-05-24 12:42:47.754909,0
TXN00039,USER026,BookMyShow,Entertainment,753.3,0,4,2026-04-03 00:31:47.754909,0
TXN00030,USER039,IRCTC,Travel,14229.31,6,5,2026-04-18 06:01:47.754909,0
TXN00697,USER022,BigBasket,Groceries,822.31,6,5,2026-04-25 06:54:47.754909,0
TXN00451,USER007,BookMyShow,Entertainment,1228.44,1,6,2026-04-19 01:26:47.754909,0
TXN00054,USER035,BigBasket,Groceries,226.08,0,0,2026-06-15 00:32:47.754909,0
TXN00023,USER001,Paytm,Transfer,1204.37,2,4,2026-05-22 02:57:47.754909,0
ATXN00007,USER045,Ola,Transport,189009.45,3,5,2026-03-28 16:49:47.754909,1
TXN00113,USER011,Uber,Transport,395.1,1,5,2026-04-18 01:17:47.754909,0
TXN00109,USER015,IRCTC,Travel,781.06,22,3,2026-06-04 22:50:47.754909,0
TXN00506,USER048,Flipkart,Shopping,3310.25,9,4,2026-05-22 09:29:47.754909,0
TXN00966,USER009,Paytm,Transfer,1193.59,23,0,2026-06-01 23:30:47.754909,0
TXN00949,USER024,Zepto,Groceries,542.0,6,3,2026-05-28 06:40:47.754909,0
TXN00003,USER029,Swiggy,Food,484.1,10,4,2026-06-19 10:42:47.754909,0
TXN00275,USER009,BigBasket,Groceries,1066.83,8,4,2026-05-15 08:20:47.754909,0
TXN00656,USER004,Netflix,Entertainment,1231.26,5,1,2026-05-19 05:03:47.754909,0
TXN00784,USER021,MakeMyTrip,Travel,10790.49,22,2,2026-04-15 22:37:47.754909,0
TXN00854,USER034,BookMyShow,Entertainment,830.38,23,2,2026-05-13 23:12:47.754909,0
TXN00759,USER029,BookMyShow,Entertainment,164.15,1,2,2026-06-17 01:17:47.754909,0
TXN00796,USER007,Myntra,Shopping,3450.58,11,4,2026-04-24 11:21:47.754909,0
ATXN00028,USER045,Ola,Transport,84827.38,1,0,2026-05-11 14:33:47.754909,1
TXN00394,USER016,Blinkit,Groceries,717.39,12,1,2026-04-14 12:48:47.754909,0
TXN00486,USER037,Paytm,Transfer,3822.95,8,6,2026-05-17 08:35:47.754909,0
TXN00614,USER034,Uber,Transport,222.36,4,2,2026-05-20 04:09:47.754909,0
TXN00877,USER018,Dunzo,Groceries,996.58,8,6,2026-06-07 08:50:47.754909,0
TXN00174,USER042,IRCTC,Travel,10725.8,10,4,2026-05-15 10:10:47.754909,0
TXN00917,USER011,Netflix,Entertainment,1146.8,11,1,2026-06-02 11:54:47.754909,0
TXN00058,USER008,PhonePe,Transfer,9324.38,1,4,2026-04-10 01:44:47.754909,0
TXN00265,USER038,BigBasket,Groceries,1922.02,9,6,2026-05-31 09:57:47.754909,0
TXN00063,USER001,Flipkart,Shopping,3783.79,11,5,2026-06-06 11:03:47.754909,0
TXN00789,USER040,Paytm,Transfer,3377.56,4,0,2026-05-04 04:16:47.754909,0
TXN00261,USER029,DMart,Groceries,1104.98,7,1,2026-06-16 07:37:47.754909,0
TXN00100,USER049,BookMyShow,Entertainment,644.66,22,1,2026-06-09 22:22:47.754909,0
ATXN00046,USER010,Flipkart,Shopping,487.15,2,3,2026-04-16 16:23:47.754909,1
TXN00299,USER024,BookMyShow,Entertainment,361.43,0,6,2026-06-21 00:01:47.754909,0
TXN00615,USER046,Ola,Transport,333.84,21,3,2026-06-04 21:52:47.754909,0
TXN00178,USER006,Uber,Transport,202.35,10,2,2026-06-24 10:09:47.754909,0
TXN00933,USER025,BookMyShow,Entertainment,652.05,10,4,2026-04-17 10:21:47.754909,0
TXN00778,USER017,Paytm,Transfer,9661.75,22,3,2026-04-02 22:15:47.754909,0
TXN00139,USER036,Nykaa,Shopping,4760.89,4,1,2026-04-07 04:35:47.754909,0
TXN00803,USER044,Netflix,Entertainment,1399.19,7,4,2026-04-10 07:18:47.754909,0
TXN00168,USER050,DMart,Groceries,1623.07,23,0,2026-04-13 23:45:47.754909,0
TXN00066,USER044,PhonePe,Transfer,3710.05,8,3,2026-04-02 08:41:47.754909,0
TXN00256,USER041,Paytm,Transfer,2293.56,0,5,2026-04-18 00:00:47.754909,0
TXN00067,USER048,Ola,Transport,350.12,11,1,2026-05-12 11:07:47.754909,0
ATXN00027,USER040,Blinkit,Groceries,77711.97,16,5,2026-06-13 06:04:47.754909,1
TXN00012,USER025,Flipkart,Shopping,2810.46,2,1,2026-04-28 02:57:47.754909,0
TXN00531,USER049,PhonePe,Transfer,2964.4,0,4,2026-05-01 00:36:47.754909,0
TXN00319,USER037,Ola,Transport,400.33,8,2,2026-05-13 08:52:47.754909,0
TXN00984,USER015,Swiggy,Food,452.68,21,0,2026-05-04 21:47:47.754909,0
TXN00866,USER033,MakeMyTrip,Travel,11855.08,0,4,2026-04-17 00:41:47.754909,0
TXN00576,USER011,Zomato,Food,439.72,2,0,2026-06-08 02:51:47.754909,0
TXN00334,USER010,BookMyShow,Entertainment,803.51,1,5,2026-04-04 01:01:47.754909,0
TXN00286,USER031,DMart,Groceries,587.52,23,1,2026-04-28 23:09:47.754909,0
TXN00911,USER044,Dunzo,Groceries,688.71,8,6,2026-05-03 08:48:47.754909,0
TXN00323,USER050,Flipkart,Shopping,2645.51,0,5,2026-05-16 00:44:47.754909,0
TXN00890,USER050,Myntra,Shopping,4224.22,8,0,2026-06-15 08:37:47.754909,0
TXN00536,USER021,Uber,Transport,362.62,11,3,2026-05-14 11:59:47.754909,0
TXN00692,USER017,Amazon,Shopping,3690.03,12,4,2026-06-19 12:46:47.754909,0
TXN00649,USER043,Netflix,Entertainment,104.35,7,2,2026-04-08 07:20:47.754909,0
TXN00528,USER040,Nykaa,Shopping,3538.93,10,4,2026-06-26 10:38:47.754909,0
TXN00513,USER016,Nykaa,Shopping,698.33,7,1,2026-04-14 07:35:47.754909,0
TXN00585,USER020,MakeMyTrip,Travel,615.55,7,2,2026-04-22 07:04:47.754909,0
TXN00002,USER039,Zomato,Food,101.45,5,4,2026-04-24 05:00:47.754909,0
TXN00445,USER001,Zomato,Food,457.24,23,6,2026-04-05 23:16:47.754909,0
TXN00237,USER043,Dunzo,Groceries,2928.73,22,6,2026-06-14 22:06:47.754909,0
TXN00495,USER022,Zomato,Food,485.52,10,3,2026-06-18 10:16:47.754909,0
TXN00781,USER012,Myntra,Shopping,1682.64,23,5,2026-04-18 23:39:47.754909,0
TXN00327,USER011,BigBasket,Groceries,1739.99,7,0,2026-05-04 07:22:47.754909,0
TXN00547,USER044,IRCTC,Travel,1630.11,5,3,2026-06-11 05:01:47.754909,0
TXN00858,USER034,BookMyShow,Entertainment,460.18,22,4,2026-03-27 22:04:47.754909,0
TXN00529,USER023,Amazon,Shopping,3988.79,23,2,2026-04-22 23:04:47.754909,0
TXN00346,USER049,Paytm,Transfer,7368.58,9,0,2026-05-11 09:36:47.754909,0
ATXN00017,USER020,Flipkart,Shopping,102016.99,19,1,2026-05-12 09:08:47.754909,1
TXN00583,USER030,Zepto,Groceries,2947.96,0,0,2026-05-18 00:24:47.754909,0
TXN00593,USER009,MakeMyTrip,Travel,14631.04,1,1,2026-04-07 01:00:47.754909,0
TXN00587,USER001,Myntra,Shopping,3742.58,4,4,2026-06-05 04:37:47.754909,0
TXN00308,USER003,Zepto,Groceries,1315.03,12,4,2026-06-05 12:44:47.754909,0
ATXN00039,USER042,PhonePe,Transfer,187854.92,5,1,2026-04-14 18:57:47.754909,1
TXN00993,USER042,BookMyShow,Entertainment,1402.27,5,6,2026-04-12 05:15:47.754909,0
TXN00231,USER036,Netflix,Entertainment,1236.29,23,5,2026-06-06 23:05:47.754909,0
TXN00629,USER007,Netflix,Entertainment,1444.74,10,3,2026-05-14 10:05:47.754909,0
TXN00601,USER021,PhonePe,Transfer,8281.23,22,2,2026-06-24 22:41:47.754909,0
TXN00662,USER047,Amazon,Shopping,4220.31,8,3,2026-04-30 08:26:47.754909,0
ATXN00009,USER040,Dunzo,Groceries,80570.2,16,5,2026-06-06 05:58:47.754909,1
TXN00915,USER042,BigBasket,Groceries,653.6,7,6,2026-04-26 07:48:47.754909,0
TXN00314,USER045,PhonePe,Transfer,3134.31,10,5,2026-06-13 10:38:47.754909,0
TXN00106,USER017,BookMyShow,Entertainment,289.11,2,1,2026-05-26 02:31:47.754909,0
TXN00823,USER038,Swiggy,Food,691.7,22,0,2026-06-15 22:20:47.754909,0
TXN00055,USER005,Myntra,Shopping,2677.66,9,0,2026-04-13 09:24:47.754909,0
TXN00120,USER028,Zepto,Groceries,2903.33,12,4,2026-05-01 12:57:47.754909,0
TXN00370,USER048,BookMyShow,Entertainment,802.05,13,6,2026-06-14 13:23:47.754909,0
TXN00025,USER024,PhonePe,Transfer,8432.53,3,6,2026-05-31 03:37:47.754909,0
TXN00072,USER018,Ola,Transport,60.65,9,1,2026-04-21 09:49:47.754909,0
ATXN00020,USER037,Amazon,Shopping,159483.45,15,2,2026-05-20 04:43:47.754909,1
TXN00044,USER026,Ola,Transport,124.84,12,4,2026-05-29 12:41:47.754909,0
TXN00296,USER008,Blinkit,Groceries,333.7,11,2,2026-05-20 11:32:47.754909,0
TXN00328,USER013,Flipkart,Shopping,4030.37,4,0,2026-06-01 04:35:47.754909,0
TXN00247,USER020,Spotify,Entertainment,1478.21,21,4,2026-04-03 21:41:47.754909,0
TXN00336,USER036,PhonePe,Transfer,8474.74,4,2,2026-04-29 04:08:47.754909,0
TXN00351,USER020,IRCTC,Travel,14941.56,13,1,2026-05-26 13:24:47.754909,0
TXN00361,USER039,Paytm,Transfer,8059.26,11,1,2026-06-02 11:37:47.754909,0
ATXN00001,USER048,IRCTC,Travel,549.62,2,5,2026-06-06 16:07:47.754909,1
TXN00960,USER047,IRCTC,Travel,3251.75,8,0,2026-04-20 08:48:47.754909,0
TXN00420,USER050,Zomato,Food,369.63,4,6,2026-04-26 04:16:47.754909,0
TXN00381,USER043,DMart,Groceries,2274.49,4,0,2026-04-27 04:31:47.754909,0
TXN00694,USER043,Ola,Transport,358.84,13,2,2026-06-17 13:26:47.754909,0
TXN00539,USER036,Myntra,Shopping,2625.16,6,4,2026-05-08 06:49:47.754909,0
TXN00449,USER002,Swiggy,Food,84.76,10,5,2026-06-06 10:28:47.754909,0
TXN00622,USER038,Flipkart,Shopping,1411.79,9,3,2026-05-07 09:26:47.754909,0
TXN00209,USER024,IRCTC,Travel,9426.96,23,4,2026-05-01 23:12:47.754909,0
TXN00554,USER049,MakeMyTrip,Travel,12969.46,0,2,2026-04-08 00:36:47.754909,0
ATXN00012,USER043,DMart,Groceries,118.22,1,5,2026-04-04 14:52:47.754909,1
TXN00481,USER026,Myntra,Shopping,2451.95,6,1,2026-04-14 06:28:47.754909,0
TXN00432,USER049,DMart,Groceries,1888.18,4,0,2026-04-06 04:19:47.754909,0
TXN00626,USER009,Swiggy,Food,318.85,4,6,2026-06-14 04:19:47.754909,0
TXN00060,USER032,Myntra,Shopping,3672.78,6,3,2026-04-23 06:00:47.754909,0
TXN00621,USER012,Nykaa,Shopping,4278.57,9,5,2026-05-16 09:27:47.754909,0
TXN00755,USER034,Ola,Transport,50.99,7,1,2026-05-12 07:03:47.754909,0
TXN00092,USER029,MakeMyTrip,Travel,2433.42,8,1,2026-05-26 08:16:47.754909,0
TXN00901,USER026,BookMyShow,Entertainment,1080.7,9,3,2026-05-14 09:22:47.754909,0
TXN00462,USER016,Spotify,Entertainment,1400.35,3,1,2026-05-05 03:04:47.754909,0
TXN00666,USER027,Nykaa,Shopping,3963.86,9,6,2026-05-03 09:24:47.754909,0
TXN00976,USER007,Ola,Transport,306.51,11,6,2026-04-19 11:15:47.754909,0
TXN00477,USER009,Ola,Transport,307.38,9,5,2026-04-18 09:38:47.754909,0
TXN00332,USER030,Nykaa,Shopping,646.63,23,2,2026-05-06 23:56:47.754909,0
TXN00938,USER002,Uber,Transport,365.21,3,4,2026-05-29 03:48:47.754909,0
TXN00700,USER020,Zepto,Groceries,535.48,10,1,2026-06-23 10:01:47.754909,0
TXN00464,USER048,Amazon,Shopping,4015.34,0,2,2026-06-24 00:00:47.754909,0
TXN00355,USER026,Uber,Transport,377.38,8,0,2026-05-18 08:30:47.754909,0
TXN00362,USER026,Zepto,Groceries,591.39,7,6,2026-06-14 07:38:47.754909,0
TXN00312,USER039,Uber,Transport,410.52,23,2,2026-05-20 23:55:47.754909,0
TXN00318,USER005,DMart,Groceries,2098.65,22,4,2026-05-22 22:36:47.754909,0
ATXN00013,USER019,Uber,Transport,177812.44,3,3,2026-04-09 16:29:47.754909,1
TXN00380,USER007,Uber,Transport,469.86,5,3,2026-06-25 05:36:47.754909,0
TXN00182,USER002,Blinkit,Groceries,1442.3,7,2,2026-06-24 07:25:47.754909,0
TXN00716,USER035,Zomato,Food,350.14,6,2,2026-06-17 06:17:47.754909,0
TXN00110,USER002,BigBasket,Groceries,2387.45,23,3,2026-06-18 23:16:47.754909,0
TXN00530,USER046,Dunzo,Groceries,987.04,2,3,2026-06-04 02:48:47.754909,0
TXN00377,USER010,Dunzo,Groceries,1263.14,9,6,2026-05-17 09:17:47.754909,0
TXN00713,USER015,Netflix,Entertainment,1149.91,9,5,2026-04-18 09:29:47.754909,0
TXN00872,USER003,IRCTC,Travel,6865.09,6,2,2026-04-22 06:40:47.754909,0
TXN00939,USER007,Amazon,Shopping,533.27,21,2,2026-06-03 21:39:47.754909,0
TXN00731,USER009,Blinkit,Groceries,466.0,22,2,2026-04-01 22:22:47.754909,0
TXN00292,USER031,Paytm,Transfer,7934.67,22,0,2026-04-13 22:46:47.754909,0
TXN00436,USER019,Myntra,Shopping,2164.17,8,0,2026-04-27 08:17:47.754909,0
TXN00835,USER038,Nykaa,Shopping,1117.09,9,4,2026-06-19 09:51:47.754909,0
TXN00307,USER020,Zomato,Food,649.6,8,3,2026-04-02 08:27:47.754909,0
TXN00289,USER023,BigBasket,Groceries,2849.96,12,5,2026-04-25 12:24:47.754909,0
TXN00968,USER032,Blinkit,Groceries,289.09,10,3,2026-06-18 10:10:47.754909,0
TXN00215,USER050,Dunzo,Groceries,780.04,4,4,2026-04-24 04:49:47.754909,0
TXN00630,USER028,Paytm,Transfer,3087.48,3,1,2026-04-14 03:14:47.754909,0
TXN00280,USER012,DMart,Groceries,566.94,1,4,2026-05-15 01:38:47.754909,0
TXN00673,USER027,DMart,Groceries,2007.55,11,1,2026-04-21 11:41:47.754909,0
TXN00450,USER033,Zepto,Groceries,2222.14,6,3,2026-06-04 06:29:47.754909,0
TXN00298,USER037,PhonePe,Transfer,4349.47,8,6,2026-06-14 08:43:47.754909,0
TXN00785,USER037,DMart,Groceries,342.4,6,1,2026-06-16 06:59:47.754909,0
TXN00137,USER005,Zomato,Food,261.78,1,3,2026-05-28 01:20:47.754909,0
TXN00305,USER009,MakeMyTrip,Travel,14721.88,3,3,2026-05-28 03:19:47.754909,0
TXN00807,USER036,PhonePe,Transfer,6805.16,8,3,2026-06-18 08:28:47.754909,0
TXN00294,USER047,BigBasket,Groceries,253.21,2,4,2026-04-24 02:03:47.754909,0
TXN00599,USER030,Netflix,Entertainment,1450.45,11,3,2026-04-23 11:47:47.754909,0
TXN00581,USER005,Ola,Transport,237.32,6,3,2026-05-07 06:20:47.754909,0
TXN00029,USER043,BigBasket,Groceries,2938.36,1,3,2026-06-04 01:36:47.754909,0
TXN00165,USER046,MakeMyTrip,Travel,14232.38,1,3,2026-06-18 01:59:47.754909,0
TXN00248,USER008,Myntra,Shopping,3906.54,6,2,2026-04-29 06:48:47.754909,0
TXN00310,USER025,Netflix,Entertainment,711.17,12,0,2026-05-18 12:25:47.754909,0
TXN00685,USER025,Ola,Transport,163.58,5,2,2026-05-06 05:55:47.754909,0
TXN00843,USER033,Amazon,Shopping,2995.39,2,4,2026-04-17 02:08:47.754909,0
TXN00342,USER020,Swiggy,Food,438.59,7,1,2026-06-16 07:09:47.754909,0
TXN00605,USER004,Blinkit,Groceries,2450.91,0,1,2026-04-14 00:28:47.754909,0
TXN00526,USER023,Ola,Transport,183.97,11,2,2026-04-01 11:44:47.754909,0
TXN00065,USER003,Netflix,Entertainment,915.1,10,2,2026-04-15 10:36:47.754909,0
TXN00631,USER043,IRCTC,Travel,9913.11,8,6,2026-04-19 08:42:47.754909,0
TXN00891,USER001,Blinkit,Groceries,535.66,13,1,2026-04-07 13:07:47.754909,0
TXN00254,USER007,MakeMyTrip,Travel,12564.38,23,1,2026-05-12 23:55:47.754909,0
TXN00718,USER008,Zomato,Food,576.62,11,2,2026-05-20 11:52:47.754909,0
TXN00770,USER037,Paytm,Transfer,7132.49,13,1,2026-05-12 13:05:47.754909,0
TXN00221,USER042,Ola,Transport,475.44,6,3,2026-04-02 06:57:47.754909,0
TXN00235,USER036,IRCTC,Travel,3751.55,9,4,2026-04-10 09:22:47.754909,0
TXN00429,USER016,Dunzo,Groceries,1355.5,1,2,2026-05-20 01:52:47.754909,0
TXN00543,USER018,Amazon,Shopping,4446.09,3,1,2026-05-05 03:23:47.754909,0
TXN00440,USER017,BookMyShow,Entertainment,163.05,1,5,2026-04-25 01:29:47.754909,0
TXN00588,USER045,BookMyShow,Entertainment,132.5,9,4,2026-06-05 09:08:47.754909,0
TXN00972,USER046,Zomato,Food,339.87,9,2,2026-05-20 09:18:47.754909,0
TXN00249,USER025,Swiggy,Food,438.12,2,4,2026-05-22 02:36:47.754909,0
TXN00578,USER031,Zepto,Groceries,207.19,4,6,2026-03-29 04:30:47.754909,0
TXN00409,USER028,Swiggy,Food,616.98,23,1,2026-06-09 23:30:47.754909,0
TXN00071,USER015,IRCTC,Travel,3725.29,8,0,2026-05-25 08:47:47.754909,0
TXN00094,USER049,MakeMyTrip,Travel,13509.52,11,2,2026-05-27 11:44:47.754909,0
TXN00033,USER002,MakeMyTrip,Travel,2254.56,23,4,2026-04-24 23:49:47.754909,0
TXN00644,USER042,DMart,Groceries,2701.03,21,3,2026-06-25 21:55:47.754909,0
TXN00259,USER050,DMart,Groceries,628.04,23,3,2026-06-18 23:39:47.754909,0
TXN00204,USER005,Dunzo,Groceries,1118.42,5,6,2026-06-14 05:09:47.754909,0
TXN00798,USER005,Amazon,Shopping,411.64,22,4,2026-05-08 22:33:47.754909,0
TXN00620,USER015,Ola,Transport,345.59,23,3,2026-04-30 23:16:47.754909,0
TXN00365,USER020,Netflix,Entertainment,563.07,11,5,2026-04-11 11:05:47.754909,0
TXN00077,USER003,Blinkit,Groceries,1278.55,3,1,2026-06-09 03:44:47.754909,0
TXN00084,USER048,MakeMyTrip,Travel,10296.59,13,0,2026-06-01 13:18:47.754909,0
TXN00994,USER020,DMart,Groceries,2800.23,9,2,2026-06-17 09:31:47.754909,0
TXN00082,USER001,Flipkart,Shopping,3192.92,10,1,2026-05-05 10:03:47.754909,0
TXN00525,USER042,MakeMyTrip,Travel,8422.12,1,3,2026-05-21 01:15:47.754909,0
TXN00439,USER021,IRCTC,Travel,11543.62,3,3,2026-05-07 03:51:47.754909,0
TXN00567,USER021,PhonePe,Transfer,882.31,2,3,2026-04-23 02:02:47.754909,0
TXN00560,USER041,Ola,Transport,272.7,4,5,2026-04-11 04:59:47.754909,0
TXN00542,USER045,Flipkart,Shopping,2374.04,10,5,2026-03-28 10:40:47.754909,0
TXN00887,USER037,Flipkart,Shopping,2539.81,4,1,2026-05-12 04:25:47.754909,0
TXN00331,USER027,BigBasket,Groceries,1066.01,11,3,2026-05-28 11:17:47.754909,0
TXN00005,USER006,Paytm,Transfer,2850.93,7,4,2026-04-24 07:34:47.754909,0
TXN00479,USER005,BookMyShow,Entertainment,485.62,13,1,2026-05-05 13:18:47.754909,0
TXN00104,USER035,Spotify,Entertainment,1113.58,2,1,2026-05-26 02:07:47.754909,0
TXN00097,USER015,Paytm,Transfer,8940.97,1,1,2026-04-07 01:37:47.754909,0
TXN00832,USER030,Myntra,Shopping,2734.06,9,2,2026-05-13 09:58:47.754909,0
TXN00787,USER035,Flipkart,Shopping,2746.85,2,6,2026-05-31 02:54:47.754909,0
TXN00424,USER044,Uber,Transport,77.43,3,3,2026-06-11 03:08:47.754909,0
TXN00934,USER049,Ola,Transport,168.34,5,3,2026-05-21 05:01:47.754909,0
TXN00281,USER027,DMart,Groceries,2465.32,11,5,2026-04-18 11:30:47.754909,0
TXN00266,USER037,Dunzo,Groceries,2871.85,12,3,2026-04-02 12:26:47.754909,0
TXN00534,USER027,Spotify,Entertainment,784.73,6,1,2026-06-09 06:08:47.754909,0
TXN00453,USER030,Uber,Transport,407.72,8,1,2026-04-07 08:53:47.754909,0
TXN00359,USER033,Dunzo,Groceries,2829.06,4,2,2026-04-15 04:06:47.754909,0
TXN00490,USER028,PhonePe,Transfer,2496.01,2,5,2026-06-20 02:13:47.754909,0
TXN00991,USER050,PhonePe,Transfer,469.98,9,1,2026-06-09 09:33:47.754909,0
TXN00816,USER038,Paytm,Transfer,4910.03,7,5,2026-05-09 07:12:47.754909,0
TXN00118,USER028,Paytm,Transfer,225.26,12,2,2026-05-20 12:34:47.754909,0
TXN00634,USER040,Nykaa,Shopping,452.2,8,5,2026-06-13 08:26:47.754909,0
TXN00250,USER026,Dunzo,Groceries,2170.28,8,6,2026-05-31 08:32:47.754909,0
TXN00405,USER038,Zepto,Groceries,1437.15,4,1,2026-06-23 04:13:47.754909,0
TXN00717,USER002,DMart,Groceries,336.04,1,4,2026-04-03 01:09:47.754909,0
TXN00704,USER014,Paytm,Transfer,6381.54,11,5,2026-03-28 11:45:47.754909,0
TXN00009,USER015,Zomato,Food,556.11,0,0,2026-05-04 00:22:47.754909,0
TXN00859,USER021,Blinkit,Groceries,1655.33,4,4,2026-05-15 04:12:47.754909,0
TXN00196,USER019,Zomato,Food,497.29,0,0,2026-04-13 00:26:47.754909,0
TXN00652,USER042,IRCTC,Travel,7591.9,5,5,2026-06-20 05:33:47.754909,0
TXN00081,USER025,PhonePe,Transfer,5588.68,11,1,2026-04-21 11:10:47.754909,0
TXN00447,USER004,Amazon,Shopping,342.96,11,6,2026-05-31 11:51:47.754909,0
TXN00533,USER044,Ola,Transport,115.81,5,4,2026-05-08 05:16:47.754909,0
TXN00668,USER026,Uber,Transport,231.34,9,0,2026-06-15 09:30:47.754909,0
TXN00239,USER010,Netflix,Entertainment,107.55,9,2,2026-04-15 09:32:47.754909,0
TXN00411,USER009,IRCTC,Travel,960.16,3,1,2026-05-19 03:17:47.754909,0
TXN00211,USER026,Netflix,Entertainment,861.8,8,3,2026-06-18 08:31:47.754909,0
TXN00773,USER017,Zomato,Food,223.93,7,4,2026-04-17 07:11:47.754909,0
TXN00545,USER045,Flipkart,Shopping,543.4,7,1,2026-06-16 07:14:47.754909,0
TXN00519,USER044,Myntra,Shopping,4131.51,12,6,2026-06-07 12:54:47.754909,0
TXN00227,USER029,Blinkit,Groceries,2587.82,3,4,2026-06-19 03:55:47.754909,0
TXN00922,USER041,Spotify,Entertainment,532.43,6,1,2026-04-28 06:56:47.754909,0
TXN00404,USER021,Zepto,Groceries,766.04,1,3,2026-06-04 01:38:47.754909,0
TXN00889,USER015,Myntra,Shopping,1403.85,5,0,2026-04-27 05:41:47.754909,0
TXN00177,USER031,Swiggy,Food,600.16,1,1,2026-05-19 01:32:47.754909,0
ATXN00006,USER004,Myntra,Shopping,106073.12,1,4,2026-04-10 15:15:47.754909,1
TXN00465,USER005,Netflix,Entertainment,174.23,5,4,2026-05-22 05:21:47.754909,0
TXN00430,USER029,Uber,Transport,141.5,0,3,2026-06-18 00:27:47.754909,0
TXN00532,USER009,BookMyShow,Entertainment,1386.19,2,5,2026-05-02 02:12:47.754909,0
TXN00695,USER007,Netflix,Entertainment,809.75,2,5,2026-04-18 02:46:47.754909,0
TXN00478,USER011,Uber,Transport,185.51,1,5,2026-05-30 01:32:47.754909,0
TXN00688,USER044,Netflix,Entertainment,885.6,6,4,2026-06-12 06:47:47.754909,0
TXN00007,USER019,MakeMyTrip,Travel,8275.31,0,4,2026-05-15 00:03:47.754909,0
TXN00155,USER031,Flipkart,Shopping,4985.64,12,4,2026-05-22 12:33:47.754909,0
TXN00357,USER040,BigBasket,Groceries,1281.78,6,6,2026-05-24 06:20:47.754909,0
TXN00584,USER036,PhonePe,Transfer,7757.92,7,2,2026-05-06 07:33:47.754909,0
TXN00223,USER006,Blinkit,Groceries,1572.75,0,5,2026-05-23 00:25:47.754909,0
TXN00329,USER036,Amazon,Shopping,1412.66,21,4,2026-05-29 21:51:47.754909,0
TXN00633,USER050,PhonePe,Transfer,1360.75,10,5,2026-03-28 10:22:47.754909,0
TXN00822,USER005,Myntra,Shopping,1537.2,0,1,2026-06-16 00:14:47.754909,0
TXN00868,USER039,Swiggy,Food,659.15,13,2,2026-04-15 13:27:47.754909,0
TXN00611,USER018,BookMyShow,Entertainment,341.1,2,4,2026-04-24 02:45:47.754909,0
ATXN00041,USER012,Dunzo,Groceries,108960.01,18,6,2026-05-24 07:29:47.754909,1
TXN00746,USER042,Paytm,Transfer,9704.44,5,4,2026-04-03 05:03:47.754909,0
ATXN00005,USER015,DMart,Groceries,528.69,4,2,2026-04-01 18:27:47.754909,1
TXN00809,USER048,Spotify,Entertainment,851.55,6,1,2026-04-07 06:41:47.754909,0
TXN00494,USER040,Ola,Transport,345.92,3,1,2026-05-12 03:09:47.754909,0
TXN00572,USER024,Flipkart,Shopping,2633.14,5,0,2026-05-11 05:38:47.754909,0
TXN00628,USER034,Nykaa,Shopping,3612.07,1,2,2026-04-15 01:22:47.754909,0
TXN00762,USER009,IRCTC,Travel,13903.38,3,6,2026-04-19 03:14:47.754909,0
TXN00958,USER003,Spotify,Entertainment,600.79,6,1,2026-04-14 06:25:47.754909,0
TXN00163,USER036,DMart,Groceries,2438.08,2,4,2026-06-26 02:47:47.754909,0
TXN00228,USER047,Ola,Transport,236.22,9,0,2026-05-25 09:54:47.754909,0
TXN00523,USER050,IRCTC,Travel,8471.03,0,5,2026-04-11 00:45:47.754909,0
TXN00786,USER015,Dunzo,Groceries,1202.64,8,4,2026-06-26 08:01:47.754909,0
TXN00212,USER043,Uber,Transport,135.41,11,6,2026-04-12 11:33:47.754909,0
TXN00825,USER050,Dunzo,Groceries,929.73,13,4,2026-06-05 13:09:47.754909,0
TXN00079,USER008,BigBasket,Groceries,2856.85,8,5,2026-05-09 08:10:47.754909,0
TXN00148,USER010,Dunzo,Groceries,829.47,6,3,2026-04-16 06:20:47.754909,0
TXN00302,USER043,Netflix,Entertainment,1203.72,5,0,2026-05-11 05:14:47.754909,0
TXN00448,USER032,DMart,Groceries,1985.64,13,6,2026-06-14 13:10:47.754909,0
TXN00501,USER047,Zepto,Groceries,1552.19,0,2,2026-05-27 00:56:47.754909,0
TXN00548,USER008,MakeMyTrip,Travel,634.66,8,3,2026-06-25 08:20:47.754909,0
TXN00841,USER038,Blinkit,Groceries,1548.25,12,3,2026-05-28 12:41:47.754909,0
TXN00043,USER049,Blinkit,Groceries,341.65,21,3,2026-06-04 21:33:47.754909,0
TXN00493,USER050,Netflix,Entertainment,1081.99,23,2,2026-06-03 23:34:47.754909,0
TXN00133,USER046,PhonePe,Transfer,2352.08,6,6,2026-04-19 06:28:47.754909,0
TXN00594,USER043,Spotify,Entertainment,203.84,22,6,2026-06-07 22:55:47.754909,0
TXN00311,USER034,Paytm,Transfer,9739.86,12,5,2026-05-30 12:51:47.754909,0
TXN00507,USER001,DMart,Groceries,2672.67,10,6,2026-05-24 10:52:47.754909,0
TXN00655,USER043,Uber,Transport,303.91,0,3,2026-04-16 00:33:47.754909,0
TXN00516,USER011,IRCTC,Travel,9714.77,3,2,2026-06-24 03:03:47.754909,0
TXN00849,USER025,Paytm,Transfer,9231.28,23,3,2026-06-11 23:42:47.754909,0
TXN00811,USER012,Ola,Transport,327.6,3,2,2026-04-29 03:35:47.754909,0
TXN00000,USER009,Blinkit,Groceries,270.03,4,5,2026-05-02 04:42:47.754909,0
TXN00782,USER036,Zepto,Groceries,534.19,10,3,2026-04-02 10:45:47.754909,0
TXN00382,USER027,Zepto,Groceries,831.88,22,5,2026-04-25 22:34:47.754909,0
TXN00316,USER041,Uber,Transport,337.76,0,5,2026-04-04 00:10:47.754909,0
TXN00761,USER038,Zepto,Groceries,2261.4,11,5,2026-06-06 11:21:47.754909,0
TXN00591,USER003,Zomato,Food,780.24,5,2,2026-04-15 05:33:47.754909,0
TXN00408,USER017,Dunzo,Groceries,1494.66,21,1,2026-05-05 21:53:47.754909,0
TXN00941,USER020,Amazon,Shopping,369.21,7,4,2026-04-24 07:54:47.754909,0
ATXN00004,USER023,Myntra,Shopping,328.06,1,1,2026-05-05 14:38:47.754909,1
TXN00750,USER039,Zomato,Food,481.13,0,5,2026-03-28 00:18:47.754909,0
TXN00172,USER016,Dunzo,Groceries,1256.19,4,4,2026-05-08 04:12:47.754909,0
TXN00125,USER027,Zepto,Groceries,2854.58,5,1,2026-04-07 05:14:47.754909,0
TXN00696,USER022,IRCTC,Travel,2355.19,3,3,2026-04-30 03:11:47.754909,0
TXN00499,USER047,IRCTC,Travel,2015.97,23,1,2026-05-19 23:35:47.754909,0
TXN00596,USER013,Paytm,Transfer,3248.77,4,4,2026-05-01 04:32:47.754909,0
TXN00971,USER041,IRCTC,Travel,13961.85,12,1,2026-04-07 12:19:47.754909,0
TXN00090,USER045,Blinkit,Groceries,2379.58,3,5,2026-04-25 03:19:47.754909,0
ATXN00010,USER043,Amazon,Shopping,154813.28,1,3,2026-05-14 15:05:47.754909,1
TXN00181,USER049,PhonePe,Transfer,9974.52,10,2,2026-04-08 10:34:47.754909,0
TXN00363,USER033,DMart,Groceries,2270.09,8,1,2026-05-05 08:00:47.754909,0
TXN00274,USER039,Amazon,Shopping,4608.71,9,2,2026-05-06 09:36:47.754909,0
TXN00752,USER015,MakeMyTrip,Travel,14280.15,23,1,2026-05-12 23:20:47.754909,0
TXN00962,USER001,Amazon,Shopping,2412.11,8,3,2026-04-30 08:57:47.754909,0
TXN00069,USER043,BookMyShow,Entertainment,133.73,11,5,2026-05-09 11:19:47.754909,0
TXN00291,USER007,BigBasket,Groceries,1249.76,8,1,2026-03-31 08:27:47.754909,0
TXN00131,USER014,Myntra,Shopping,1783.08,2,3,2026-06-04 02:40:47.754909,0
TXN00300,USER031,BigBasket,Groceries,2869.53,21,3,2026-06-04 21:52:47.754909,0
TXN00712,USER032,DMart,Groceries,1667.53,1,4,2026-05-22 01:49:47.754909,0
TXN00326,USER023,MakeMyTrip,Travel,14960.3,8,1,2026-06-23 08:10:47.754909,0
TXN00144,USER001,BigBasket,Groceries,639.76,23,5,2026-04-18 23:38:47.754909,0
ATXN00000,USER013,BookMyShow,Entertainment,69556.28,2,2,2026-05-27 16:03:47.754909,1
TXN00963,USER024,Zepto,Groceries,1261.32,22,6,2026-04-19 22:07:47.754909,0
TXN00886,USER036,Ola,Transport,179.28,7,0,2026-05-18 07:32:47.754909,0
TXN00135,USER001,Amazon,Shopping,3297.99,1,4,2026-05-29 01:23:47.754909,0
TXN00996,USER049,Ola,Transport,118.94,9,0,2026-06-22 09:56:47.754909,0
TXN00722,USER007,Zepto,Groceries,2212.55,6,6,2026-04-12 06:35:47.754909,0
TXN00164,USER008,Swiggy,Food,477.62,5,2,2026-04-08 05:21:47.754909,0
TXN00028,USER032,Ola,Transport,445.1,0,1,2026-04-07 00:14:47.754909,0
TXN00679,USER031,Swiggy,Food,254.2,11,4,2026-05-29 11:39:47.754909,0
TXN00193,USER023,IRCTC,Travel,12576.16,5,6,2026-05-03 05:06:47.754909,0
TXN00902,USER044,Uber,Transport,252.83,2,1,2026-06-09 02:04:47.754909,0
TXN00813,USER013,BigBasket,Groceries,1013.83,5,6,2026-04-05 05:34:47.754909,0
TXN00433,USER014,Nykaa,Shopping,3704.23,3,6,2026-06-07 03:58:47.754909,0
TXN00987,USER038,MakeMyTrip,Travel,5657.01,5,1,2026-04-14 05:51:47.754909,0
TXN00169,USER001,BookMyShow,Entertainment,575.17,6,6,2026-05-31 06:20:47.754909,0
TXN00541,USER008,Zomato,Food,113.08,11,1,2026-06-16 11:29:47.754909,0
TXN00140,USER034,BookMyShow,Entertainment,948.45,5,0,2026-06-15 05:17:47.754909,0
TXN00173,USER048,Nykaa,Shopping,2099.96,22,0,2026-05-18 22:48:47.754909,0
TXN00006,USER003,Spotify,Entertainment,234.5,6,0,2026-05-11 06:19:47.754909,0
TXN00820,USER042,Netflix,Entertainment,1184.45,0,4,2026-05-29 00:39:47.754909,0
TXN00535,USER033,Spotify,Entertainment,732.24,23,1,2026-06-16 23:53:47.754909,0
TXN00961,USER034,MakeMyTrip,Travel,4492.2,2,4,2026-06-12 02:32:47.754909,0
TXN00855,USER038,BookMyShow,Entertainment,420.51,9,3,2026-05-28 09:50:47.754909,0
TXN00073,USER033,BigBasket,Groceries,2907.29,9,5,2026-05-02 09:09:47.754909,0
TXN00737,USER040,IRCTC,Travel,12132.84,11,0,2026-06-22 11:39:47.754909,0
TXN00527,USER048,BigBasket,Groceries,1429.4,4,6,2026-04-12 04:41:47.754909,0
TXN00238,USER022,Uber,Transport,63.03,7,4,2026-05-01 07:26:47.754909,0
TXN00145,USER003,BookMyShow,Entertainment,730.16,12,4,2026-06-12 12:46:47.754909,0
TXN00852,USER031,DMart,Groceries,1879.48,0,3,2026-06-04 00:33:47.754909,0
TXN00234,USER043,Netflix,Entertainment,244.14,3,6,2026-05-31 03:37:47.754909,0
TXN00220,USER033,IRCTC,Travel,6999.99,0,2,2026-05-13 00:56:47.754909,0
TXN00214,USER049,Ola,Transport,494.97,3,0,2026-06-08 03:32:47.754909,0
TXN00711,USER034,Zomato,Food,294.71,12,0,2026-05-04 12:14:47.754909,0
TXN00132,USER013,IRCTC,Travel,4509.24,6,3,2026-06-11 06:34:47.754909,0
ATXN00047,USER050,Flipkart,Shopping,57696.57,3,1,2026-05-05 17:14:47.754909,1
TXN00906,USER007,PhonePe,Transfer,2584.64,22,6,2026-06-07 22:53:47.754909,0
TXN00707,USER024,IRCTC,Travel,6058.09,4,2,2026-04-01 04:14:47.754909,0
TXN00422,USER020,Nykaa,Shopping,1798.85,7,4,2026-06-12 07:43:47.754909,0
TXN00185,USER044,Flipkart,Shopping,1098.92,10,1,2026-04-07 10:07:47.754909,0
TXN00041,USER030,Dunzo,Groceries,1456.12,2,3,2026-05-21 02:45:47.754909,0
TXN00767,USER014,Dunzo,Groceries,2609.98,3,5,2026-06-06 03:40:47.754909,0
TXN00108,USER006,Spotify,Entertainment,488.84,6,2,2026-05-20 06:21:47.754909,0
TXN00635,USER022,Ola,Transport,337.84,12,4,2026-04-10 12:37:47.754909,0
TXN00056,USER035,Ola,Transport,216.29,12,4,2026-04-17 12:21:47.754909,0
TXN00482,USER022,Paytm,Transfer,8431.97,7,4,2026-05-15 07:56:47.754909,0
TXN00753,USER043,MakeMyTrip,Travel,5313.6,13,0,2026-06-15 13:13:47.754909,0
TXN00793,USER033,PhonePe,Transfer,344.59,9,1,2026-06-02 09:00:47.754909,0
TXN00468,USER038,Dunzo,Groceries,2835.2,3,4,2026-05-22 03:11:47.754909,0
TXN00926,USER041,MakeMyTrip,Travel,9650.19,11,2,2026-06-17 11:01:47.754909,0
TXN00435,USER039,Blinkit,Groceries,2291.26,5,3,2026-05-28 05:12:47.754909,0
TXN00024,USER041,Uber,Transport,487.35,1,6,2026-04-19 01:23:47.754909,0
TXN00549,USER025,BookMyShow,Entertainment,1071.34,23,2,2026-05-27 23:42:47.754909,0
TXN00518,USER009,DMart,Groceries,350.11,21,0,2026-05-11 21:59:47.754909,0
ATXN00049,USER001,DMart,Groceries,88.79,4,4,2026-05-29 18:02:47.754909,1
TXN00667,USER012,Uber,Transport,222.37,12,4,2026-05-29 12:30:47.754909,0
ATXN00021,USER035,Amazon,Shopping,778.79,5,4,2026-05-08 18:56:47.754909,1
TXN00997,USER019,DMart,Groceries,1810.71,4,2,2026-04-08 04:55:47.754909,0
TXN00338,USER043,Flipkart,Shopping,3081.5,1,2,2026-06-10 01:38:47.754909,0
TXN00051,USER017,Zomato,Food,525.95,8,2,2026-05-20 08:27:47.754909,0
TXN00383,USER036,Paytm,Transfer,7201.84,1,3,2026-04-09 01:28:47.754909,0
TXN00861,USER024,Uber,Transport,167.59,11,3,2026-06-04 11:04:47.754909,0
TXN00989,USER031,Nykaa,Shopping,4614.04,8,0,2026-04-06 08:18:47.754909,0
TXN00682,USER014,Myntra,Shopping,4328.42,5,3,2026-06-18 05:11:47.754909,0
TXN00995,USER033,Zepto,Groceries,315.31,1,4,2026-06-05 01:48:47.754909,0
TXN00264,USER042,MakeMyTrip,Travel,1045.31,6,3,2026-05-14 06:32:47.754909,0
TXN00708,USER044,Swiggy,Food,722.24,3,2,2026-06-03 03:29:47.754909,0
TXN00765,USER027,Paytm,Transfer,9707.87,1,6,2026-05-24 01:36:47.754909,0
TXN00736,USER038,Zomato,Food,786.73,0,4,2026-04-17 00:54:47.754909,0
TXN00444,USER035,Netflix,Entertainment,336.14,12,4,2026-06-05 12:39:47.754909,0
TXN00395,USER018,Swiggy,Food,267.77,12,0,2026-04-27 12:16:47.754909,0
TXN00558,USER034,Swiggy,Food,690.48,6,5,2026-06-20 06:41:47.754909,0
TXN00176,USER030,Paytm,Transfer,8710.03,1,5,2026-05-23 01:01:47.754909,0
TXN00018,USER009,BookMyShow,Entertainment,1356.85,8,0,2026-05-18 08:42:47.754909,0
TXN00979,USER023,Flipkart,Shopping,2809.33,12,4,2026-06-12 12:27:47.754909,0
TXN00538,USER028,Netflix,Entertainment,1290.0,9,3,2026-06-04 09:41:47.754909,0
TXN00613,USER006,IRCTC,Travel,6473.89,12,5,2026-06-06 12:31:47.754909,0
TXN00590,USER032,PhonePe,Transfer,1129.1,4,2,2026-06-03 04:54:47.754909,0
TXN00367,USER044,Nykaa,Shopping,2558.11,9,2,2026-06-03 09:37:47.754909,0
TXN00083,USER029,PhonePe,Transfer,2940.45,7,4,2026-05-22 07:57:47.754909,0
TXN00061,USER028,Uber,Transport,457.4,0,4,2026-04-03 00:08:47.754909,0
TXN00514,USER025,PhonePe,Transfer,1257.79,2,3,2026-05-14 02:00:47.754909,0
TXN00272,USER017,Paytm,Transfer,752.53,9,3,2026-04-09 09:46:47.754909,0
TXN00285,USER013,PhonePe,Transfer,7803.43,10,6,2026-05-31 10:38:47.754909,0
TXN00360,USER046,Spotify,Entertainment,799.61,22,2,2026-04-01 22:36:47.754909,0
TXN00354,USER009,IRCTC,Travel,4643.35,0,6,2026-03-29 00:55:47.754909,0
TXN00951,USER008,BookMyShow,Entertainment,553.64,6,5,2026-04-18 06:05:47.754909,0
TXN00278,USER019,IRCTC,Travel,3284.08,1,1,2026-04-14 01:32:47.754909,0
TXN00368,USER002,Ola,Transport,64.21,0,3,2026-06-25 00:40:47.754909,0
TXN00664,USER027,Uber,Transport,283.86,10,6,2026-03-29 10:35:47.754909,0
TXN00618,USER031,DMart,Groceries,813.26,23,4,2026-05-01 23:19:47.754909,0
TXN00589,USER048,Swiggy,Food,764.71,10,5,2026-03-28 10:22:47.754909,0
TXN00657,USER016,Spotify,Entertainment,1245.59,13,2,2026-05-20 13:04:47.754909,0
ATXN00018,USER025,Ola,Transport,91381.74,1,0,2026-06-15 14:44:47.754909,1
TXN00456,USER001,Spotify,Entertainment,627.41,23,1,2026-05-26 23:08:47.754909,0
TXN00393,USER026,Spotify,Entertainment,1257.61,7,0,2026-06-01 07:33:47.754909,0
TXN00684,USER001,Swiggy,Food,421.35,3,0,2026-04-13 03:06:47.754909,0
TXN00723,USER034,IRCTC,Travel,3380.38,6,2,2026-04-22 06:21:47.754909,0
TXN00375,USER031,PhonePe,Transfer,7078.52,12,2,2026-06-24 12:48:47.754909,0
TXN00412,USER025,BookMyShow,Entertainment,623.62,12,4,2026-05-15 12:23:47.754909,0
TXN00074,USER008,Spotify,Entertainment,1051.0,7,3,2026-06-04 07:29:47.754909,0
TXN00947,USER044,Blinkit,Groceries,1659.19,12,3,2026-04-23 12:52:47.754909,0
TXN00500,USER014,Amazon,Shopping,1937.14,12,6,2026-05-10 12:18:47.754909,0
TXN00604,USER030,MakeMyTrip,Travel,8561.33,4,5,2026-06-06 04:34:47.754909,0
TXN00114,USER044,PhonePe,Transfer,1170.18,7,1,2026-03-31 07:04:47.754909,0
TXN00417,USER043,Netflix,Entertainment,316.33,0,1,2026-04-21 00:30:47.754909,0
TXN00089,USER049,Ola,Transport,116.41,22,1,2026-06-23 22:25:47.754909,0
TXN00990,USER042,Flipkart,Shopping,2594.9,1,2,2026-06-24 01:06:47.754909,0
TXN00932,USER036,Swiggy,Food,474.71,11,1,2026-04-21 11:24:47.754909,0
TXN00874,USER006,Zomato,Food,339.01,21,3,2026-06-18 21:38:47.754909,0
TXN00660,USER013,MakeMyTrip,Travel,3006.75,4,5,2026-04-18 04:19:47.754909,0
TXN00011,USER041,Netflix,Entertainment,392.52,0,4,2026-05-01 00:06:47.754909,0
TXN00396,USER042,Paytm,Transfer,3089.26,21,0,2026-06-08 21:44:47.754909,0
TXN00575,USER024,Nykaa,Shopping,3249.4,12,5,2026-05-30 12:00:47.754909,0
TXN00042,USER036,Ola,Transport,443.52,12,0,2026-04-06 12:19:47.754909,0
TXN00167,USER013,IRCTC,Travel,4034.1,1,5,2026-06-06 01:52:47.754909,0
TXN00416,USER030,Dunzo,Groceries,1387.56,4,4,2026-05-15 04:43:47.754909,0
TXN00967,USER013,Flipkart,Shopping,4405.42,0,2,2026-04-22 00:59:47.754909,0
TXN00426,USER010,Spotify,Entertainment,1199.91,10,3,2026-05-07 10:54:47.754909,0
TXN00544,USER043,BigBasket,Groceries,2032.85,23,1,2026-04-28 23:51:47.754909,0
TXN00948,USER036,PhonePe,Transfer,9368.53,23,3,2026-04-16 23:15:47.754909,0
ATXN00030,USER003,Spotify,Entertainment,421.17,2,0,2026-04-20 15:42:47.754909,1
TXN00904,USER001,Spotify,Entertainment,373.68,13,3,2026-04-16 13:19:47.754909,0
TXN00661,USER041,Amazon,Shopping,500.58,10,1,2026-04-07 10:40:47.754909,0
TXN00257,USER047,Blinkit,Groceries,1685.69,8,1,2026-04-21 08:50:47.754909,0
TXN00335,USER034,PhonePe,Transfer,1730.11,4,4,2026-05-08 04:50:47.754909,0
TXN00015,USER042,BigBasket,Groceries,790.75,7,0,2026-06-08 07:41:47.754909,0
TXN00678,USER008,Myntra,Shopping,1587.69,10,1,2026-05-26 10:08:47.754909,0
TXN00324,USER032,Uber,Transport,366.82,7,4,2026-04-24 07:12:47.754909,0
TXN00817,USER011,Amazon,Shopping,2958.09,7,2,2026-05-13 07:55:47.754909,0
TXN00222,USER044,Swiggy,Food,123.79,9,3,2026-05-28 09:55:47.754909,0
TXN00179,USER041,Paytm,Transfer,8538.18,9,3,2026-06-04 09:48:47.754909,0
TXN00099,USER014,BookMyShow,Entertainment,562.56,10,1,2026-05-26 10:31:47.754909,0
TXN00521,USER018,Nykaa,Shopping,445.05,6,5,2026-04-25 06:30:47.754909,0
TXN00022,USER042,Blinkit,Groceries,2108.79,6,3,2026-06-04 06:17:47.754909,0
TXN00356,USER019,Zomato,Food,490.6,9,1,2026-04-21 09:03:47.754909,0
TXN00720,USER034,Swiggy,Food,296.8,1,5,2026-06-20 01:10:47.754909,0
TXN00927,USER015,Dunzo,Groceries,1067.05,13,0,2026-05-11 13:02:47.754909,0
TXN00757,USER008,BookMyShow,Entertainment,248.85,3,6,2026-06-14 03:40:47.754909,0
TXN00340,USER042,Zomato,Food,674.17,23,0,2026-03-30 23:30:47.754909,0
TXN00431,USER025,Netflix,Entertainment,228.54,22,0,2026-04-20 22:45:47.754909,0
TXN00595,USER026,Amazon,Shopping,1412.83,8,3,2026-04-30 08:27:47.754909,0
TXN00898,USER040,Myntra,Shopping,2083.31,7,3,2026-04-09 07:51:47.754909,0
TXN00203,USER040,Netflix,Entertainment,250.79,12,6,2026-04-26 12:29:47.754909,0
TXN00760,USER001,MakeMyTrip,Travel,10047.62,1,6,2026-05-31 01:59:47.754909,0
TXN00093,USER036,DMart,Groceries,2482.02,11,6,2026-05-31 11:21:47.754909,0
TXN00602,USER033,Amazon,Shopping,728.7,8,1,2026-04-28 08:53:47.754909,0
TXN00068,USER012,Amazon,Shopping,4651.09,3,0,2026-04-27 03:19:47.754909,0
TXN00953,USER006,IRCTC,Travel,10481.89,9,3,2026-04-16 09:17:47.754909,0
TXN00284,USER050,Myntra,Shopping,2028.85,11,1,2026-06-09 11:57:47.754909,0
TXN00865,USER015,Spotify,Entertainment,1129.83,1,5,2026-06-20 01:15:47.754909,0
TXN00434,USER013,Paytm,Transfer,3101.56,4,6,2026-03-29 04:27:47.754909,0
TXN00153,USER003,Nykaa,Shopping,3059.48,6,0,2026-03-30 06:04:47.754909,0
TXN00075,USER039,Uber,Transport,130.36,22,2,2026-04-29 22:34:47.754909,0
TXN00788,USER014,Dunzo,Groceries,1329.57,5,0,2026-05-11 05:24:47.754909,0
TXN00580,USER021,Dunzo,Groceries,2448.72,10,4,2026-06-19 10:42:47.754909,0
TXN00446,USER046,BookMyShow,Entertainment,291.63,4,1,2026-06-16 04:32:47.754909,0
TXN00188,USER023,PhonePe,Transfer,6808.35,23,3,2026-04-16 23:56:47.754909,0
TXN00271,USER041,Spotify,Entertainment,671.69,23,5,2026-05-09 23:18:47.754909,0
TXN00236,USER028,Netflix,Entertainment,259.95,5,5,2026-05-02 05:19:47.754909,0
TXN00487,USER050,Myntra,Shopping,3083.47,3,4,2026-06-05 03:11:47.754909,0
TXN00559,USER004,DMart,Groceries,1626.66,7,6,2026-05-17 07:09:47.754909,0
TXN00117,USER033,Zomato,Food,329.99,8,3,2026-05-21 08:32:47.754909,0
TXN00880,USER033,Dunzo,Groceries,402.68,7,0,2026-05-04 07:35:47.754909,0
TXN00512,USER040,DMart,Groceries,683.08,7,0,2026-06-22 07:26:47.754909,0
TXN00597,USER007,Amazon,Shopping,3965.7,0,2,2026-06-10 00:37:47.754909,0
TXN00643,USER039,Spotify,Entertainment,324.43,23,6,2026-04-05 23:49:47.754909,0
TXN00126,USER046,IRCTC,Travel,8550.06,13,0,2026-04-27 13:09:47.754909,0
TXN00116,USER037,Ola,Transport,95.86,1,1,2026-05-05 01:18:47.754909,0
TXN00473,USER036,Blinkit,Groceries,571.02,10,0,2026-04-20 10:56:47.754909,0
ATXN00032,USER045,Myntra,Shopping,59920.45,22,6,2026-06-14 11:59:47.754909,1
TXN00057,USER036,PhonePe,Transfer,6155.61,22,3,2026-06-18 22:10:47.754909,0
TXN00728,USER019,Blinkit,Groceries,2733.38,4,3,2026-06-18 04:57:47.754909,0
TXN00980,USER049,Paytm,Transfer,5545.81,8,4,2026-05-08 08:54:47.754909,0
TXN00369,USER014,MakeMyTrip,Travel,5048.54,11,3,2026-04-16 11:12:47.754909,0
TXN00268,USER042,Blinkit,Groceries,2470.71,0,6,2026-05-10 00:00:47.754909,0
TXN00046,USER013,PhonePe,Transfer,4287.77,12,6,2026-06-07 12:37:47.754909,0
TXN00349,USER011,PhonePe,Transfer,9459.31,10,6,2026-06-14 10:43:47.754909,0
TXN00195,USER029,Amazon,Shopping,3252.77,22,0,2026-06-15 22:47:47.754909,0
TXN00102,USER015,Spotify,Entertainment,1294.68,4,2,2026-05-20 04:59:47.754909,0
TXN00899,USER031,Uber,Transport,134.22,4,3,2026-04-30 04:45:47.754909,0
TXN00745,USER016,IRCTC,Travel,13106.53,12,0,2026-04-06 12:48:47.754909,0
TXN00893,USER012,IRCTC,Travel,13522.76,5,1,2026-06-09 05:59:47.754909,0
TXN00263,USER030,Nykaa,Shopping,564.01,23,5,2026-05-30 23:47:47.754909,0
TXN00443,USER011,Paytm,Transfer,2647.53,12,4,2026-05-29 12:57:47.754909,0
TXN00792,USER035,Paytm,Transfer,3875.59,9,5,2026-04-11 09:44:47.754909,0
TXN00304,USER050,Dunzo,Groceries,1147.93,3,3,2026-06-18 03:21:47.754909,0
TXN00341,USER041,Nykaa,Shopping,1543.88,11,3,2026-04-23 11:07:47.754909,0
TXN00936,USER005,Dunzo,Groceries,2464.66,4,1,2026-05-19 04:22:47.754909,0
TXN00313,USER021,Flipkart,Shopping,2863.73,0,4,2026-05-08 00:33:47.754909,0
TXN00149,USER008,BigBasket,Groceries,366.99,6,2,2026-05-06 06:56:47.754909,0
TXN00124,USER001,Uber,Transport,203.15,6,4,2026-06-12 06:03:47.754909,0
TXN00846,USER031,PhonePe,Transfer,9477.81,12,4,2026-04-24 12:06:47.754909,0
TXN00885,USER017,BookMyShow,Entertainment,1437.58,22,0,2026-06-01 22:12:47.754909,0
TXN00050,USER039,Spotify,Entertainment,266.96,5,0,2026-06-08 05:05:47.754909,0
TXN00353,USER039,Nykaa,Shopping,1958.61,6,4,2026-04-03 06:59:47.754909,0
TXN00998,USER037,Spotify,Entertainment,306.37,23,5,2026-05-09 23:58:47.754909,0
TXN00142,USER048,BookMyShow,Entertainment,526.84,23,6,2026-06-14 23:07:47.754909,0
TXN00470,USER041,BigBasket,Groceries,429.71,10,3,2026-04-16 10:13:47.754909,0
TXN00399,USER031,PhonePe,Transfer,3738.68,4,5,2026-04-25 04:36:47.754909,0
TXN00929,USER019,PhonePe,Transfer,204.5,1,1,2026-06-02 01:50:47.754909,0
TXN00320,USER024,Zomato,Food,515.67,11,0,2026-06-22 11:51:47.754909,0
TXN00019,USER041,Zepto,Groceries,1581.84,0,4,2026-04-03 00:37:47.754909,0
TXN00907,USER041,Flipkart,Shopping,582.17,13,2,2026-04-29 13:21:47.754909,0
TXN00850,USER033,Spotify,Entertainment,284.23,4,0,2026-03-30 04:01:47.754909,0
TXN00894,USER034,Zepto,Groceries,984.75,1,5,2026-04-25 01:31:47.754909,0
TXN00407,USER004,MakeMyTrip,Travel,2413.19,12,2,2026-05-20 12:04:47.754909,0
TXN00537,USER043,Nykaa,Shopping,311.62,12,2,2026-04-08 12:08:47.754909,0
TXN00693,USER047,BookMyShow,Entertainment,665.84,3,2,2026-04-01 03:49:47.754909,0
TXN00038,USER028,Myntra,Shopping,743.33,10,5,2026-06-20 10:50:47.754909,0
TXN00175,USER038,Amazon,Shopping,2628.04,2,2,2026-04-01 02:00:47.754909,0
TXN00245,USER044,Zepto,Groceries,518.69,0,4,2026-05-22 00:46:47.754909,0
TXN00892,USER021,Dunzo,Groceries,2882.38,9,3,2026-05-28 09:07:47.754909,0
TXN00721,USER007,Uber,Transport,330.26,1,3,2026-06-25 01:54:47.754909,0
TXN00943,USER031,Amazon,Shopping,563.38,0,6,2026-05-17 00:02:47.754909,0
TXN00924,USER035,Netflix,Entertainment,1304.38,12,4,2026-05-08 12:57:47.754909,0
TXN00154,USER018,Flipkart,Shopping,2511.35,12,4,2026-06-19 12:26:47.754909,0
TXN00638,USER025,BigBasket,Groceries,1181.35,21,3,2026-04-09 21:31:47.754909,0
TXN00287,USER006,Netflix,Entertainment,875.91,0,4,2026-04-10 00:46:47.754909,0
TXN00625,USER031,Zomato,Food,247.49,22,4,2026-04-24 22:01:47.754909,0
TXN00741,USER022,Zepto,Groceries,2349.08,5,1,2026-06-09 05:10:47.754909,0
TXN00569,USER006,BookMyShow,Entertainment,1121.67,22,6,2026-04-26 22:43:47.754909,0
TXN00801,USER047,Swiggy,Food,360.44,22,5,2026-04-11 22:09:47.754909,0
TXN00017,USER038,Amazon,Shopping,1459.15,6,6,2026-06-07 06:15:47.754909,0
TXN00127,USER015,IRCTC,Travel,6998.53,23,6,2026-03-29 23:46:47.754909,0
TXN00322,USER002,Spotify,Entertainment,539.45,4,5,2026-05-02 04:35:47.754909,0
TXN00255,USER020,Ola,Transport,246.05,23,6,2026-05-17 23:53:47.754909,0
TXN00790,USER043,Zepto,Groceries,1529.6,21,5,2026-06-06 21:35:47.754909,0
ATXN00033,USER003,Paytm,Transfer,719.06,4,6,2026-05-17 18:17:47.754909,1
TXN00190,USER025,Myntra,Shopping,4997.06,0,3,2026-05-28 00:43:47.754909,0
TXN00115,USER045,Spotify,Entertainment,654.71,0,2,2026-04-22 00:05:47.754909,0
TXN00665,USER007,Amazon,Shopping,996.54,1,3,2026-06-11 01:27:47.754909,0
TXN00606,USER041,Ola,Transport,108.82,9,0,2026-05-18 09:11:47.754909,0
TXN00180,USER041,IRCTC,Travel,13149.55,23,1,2026-03-31 23:43:47.754909,0
TXN00301,USER002,Zomato,Food,537.68,6,3,2026-05-14 06:15:47.754909,0
TXN00829,USER047,Amazon,Shopping,2397.24,2,6,2026-04-19 02:15:47.754909,0
TXN00900,USER014,DMart,Groceries,1160.67,12,0,2026-04-20 12:55:47.754909,0
TXN00780,USER047,Netflix,Entertainment,1156.91,4,4,2026-06-05 04:17:47.754909,0
TXN00739,USER027,Amazon,Shopping,2570.47,1,4,2026-05-29 01:24:47.754909,0
TXN00715,USER042,Nykaa,Shopping,2671.78,9,6,2026-04-12 09:13:47.754909,0
TXN00517,USER029,IRCTC,Travel,4688.1,8,0,2026-04-20 08:21:47.754909,0
TXN00372,USER035,IRCTC,Travel,8119.42,2,3,2026-05-07 02:57:47.754909,0
TXN00045,USER030,Zomato,Food,198.54,9,5,2026-03-28 09:44:47.754909,0
TXN00977,USER007,Nykaa,Shopping,1982.43,11,0,2026-05-25 11:24:47.754909,0
TXN00157,USER026,Paytm,Transfer,4175.29,7,5,2026-05-30 07:10:47.754909,0
TXN00802,USER005,DMart,Groceries,377.07,23,1,2026-06-09 23:12:47.754909,0
TXN00171,USER049,MakeMyTrip,Travel,8309.42,8,0,2026-05-11 08:03:47.754909,0
TXN00016,USER017,IRCTC,Travel,6236.66,11,3,2026-06-18 11:37:47.754909,0
TXN00511,USER030,DMart,Groceries,1299.12,8,5,2026-04-11 08:50:47.754909,0
TXN00048,USER033,Zomato,Food,116.1,2,3,2026-05-28 02:31:47.754909,0
TXN00191,USER043,Nykaa,Shopping,1987.11,6,0,2026-05-04 06:29:47.754909,0
TXN00905,USER032,Flipkart,Shopping,2281.15,8,1,2026-04-14 08:18:47.754909,0
TXN00515,USER012,BookMyShow,Entertainment,934.59,9,1,2026-06-09 09:55:47.754909,0
TXN00734,USER031,Spotify,Entertainment,1447.2,10,4,2026-05-01 10:12:47.754909,0
TXN00740,USER046,MakeMyTrip,Travel,1166.6,7,3,2026-04-30 07:28:47.754909,0
TXN00480,USER040,Netflix,Entertainment,451.63,13,1,2026-04-28 13:06:47.754909,0
TXN00283,USER031,MakeMyTrip,Travel,3893.04,7,0,2026-04-27 07:19:47.754909,0
TXN00774,USER049,Amazon,Shopping,4245.09,6,2,2026-06-24 06:41:47.754909,0
TXN00706,USER028,BigBasket,Groceries,562.34,10,4,2026-05-22 10:53:47.754909,0
TXN00225,USER034,Nykaa,Shopping,2877.28,10,4,2026-05-08 10:06:47.754909,0
TXN00026,USER021,Flipkart,Shopping,2835.08,22,1,2026-06-02 22:06:47.754909,0
TXN00842,USER003,Flipkart,Shopping,3342.12,21,0,2026-05-18 21:43:47.754909,0
TXN00437,USER017,Spotify,Entertainment,752.22,8,4,2026-06-19 08:47:47.754909,0
ATXN00022,USER045,Amazon,Shopping,147870.9,14,1,2026-04-14 03:47:47.754909,1
TXN00364,USER002,Dunzo,Groceries,1571.57,6,0,2026-06-08 06:58:47.754909,0
TXN00229,USER010,Blinkit,Groceries,1075.14,5,3,2026-05-07 05:51:47.754909,0
TXN00037,USER027,Nykaa,Shopping,3008.19,13,1,2026-04-28 13:19:47.754909,0
TXN00669,USER018,Paytm,Transfer,6936.09,13,4,2026-04-03 13:26:47.754909,0
ATXN00034,USER048,DMart,Groceries,173649.28,3,5,2026-05-16 17:07:47.754909,1
TXN00374,USER020,Myntra,Shopping,4799.49,6,5,2026-05-02 06:42:47.754909,0
TXN00469,USER016,Spotify,Entertainment,219.06,7,0,2026-06-15 07:19:47.754909,0
ATXN00035,USER029,Nykaa,Shopping,130423.91,1,0,2026-06-01 14:34:47.754909,1
TXN00687,USER033,Zepto,Groceries,2508.07,0,6,2026-05-17 00:28:47.754909,0
TXN00916,USER029,PhonePe,Transfer,7133.29,9,5,2026-06-13 09:45:47.754909,0
TXN00758,USER049,Spotify,Entertainment,401.04,7,1,2026-04-21 07:34:47.754909,0
TXN00783,USER022,Uber,Transport,108.53,5,2,2026-06-10 05:28:47.754909,0
TXN00194,USER049,Ola,Transport,336.48,6,0,2026-06-15 06:11:47.754909,0
TXN00920,USER049,IRCTC,Travel,8452.29,10,1,2026-03-31 10:01:47.754909,0
TXN00930,USER031,IRCTC,Travel,8258.93,13,2,2026-06-24 13:16:47.754909,0
TXN00503,USER011,Blinkit,Groceries,263.24,1,6,2026-05-10 01:11:47.754909,0
ATXN00036,USER026,MakeMyTrip,Travel,181666.99,15,1,2026-06-02 05:02:47.754909,1
TXN00895,USER023,BookMyShow,Entertainment,769.13,23,3,2026-06-04 23:00:47.754909,0
TXN00579,USER003,Netflix,Entertainment,635.55,3,3,2026-04-16 03:27:47.754909,0
TXN00160,USER049,MakeMyTrip,Travel,6492.09,9,1,2026-04-21 09:07:47.754909,0
TXN00680,USER017,Nykaa,Shopping,2891.27,3,0,2026-05-11 03:21:47.754909,0
TXN00162,USER002,Amazon,Shopping,4660.06,12,5,2026-05-23 12:35:47.754909,0
TXN00705,USER049,Flipkart,Shopping,3008.51,13,4,2026-04-17 13:18:47.754909,0
TXN00756,USER009,Netflix,Entertainment,1082.64,2,3,2026-04-02 02:59:47.754909,0
TXN00152,USER044,Paytm,Transfer,6076.77,23,0,2026-03-30 23:42:47.754909,0
TXN00800,USER021,Uber,Transport,233.43,9,6,2026-05-24 09:55:47.754909,0
TXN00754,USER043,Netflix,Entertainment,1101.99,1,5,2026-04-11 01:16:47.754909,0
TXN00814,USER043,Nykaa,Shopping,2589.79,8,5,2026-05-09 08:36:47.754909,0
TXN00111,USER009,Ola,Transport,139.71,1,0,2026-03-30 01:43:47.754909,0
TXN00226,USER045,PhonePe,Transfer,4591.78,10,5,2026-06-13 10:34:47.754909,0
TXN00883,USER017,MakeMyTrip,Travel,13499.6,12,1,2026-03-31 12:35:47.754909,0
TXN00103,USER043,Uber,Transport,246.13,9,1,2026-03-31 09:49:47.754909,0
TXN00421,USER047,Zomato,Food,180.9,5,0,2026-05-04 05:20:47.754909,0
TXN00419,USER048,Blinkit,Groceries,1863.04,22,5,2026-05-23 22:43:47.754909,0
TXN00808,USER039,Dunzo,Groceries,595.85,22,2,2026-04-01 22:04:47.754909,0
TXN00586,USER050,DMart,Groceries,879.24,13,3,2026-05-14 13:17:47.754909,0
ATXN00011,USER045,Zepto,Groceries,88318.45,9,5,2026-05-02 22:40:47.754909,1
TXN00672,USER027,MakeMyTrip,Travel,11723.45,6,4,2026-05-08 06:14:47.754909,0
TXN00119,USER012,Netflix,Entertainment,989.45,1,0,2026-05-25 01:55:47.754909,0
TXN00053,USER049,Amazon,Shopping,3456.94,11,1,2026-05-05 11:48:47.754909,0
TXN00151,USER028,Dunzo,Groceries,1582.63,23,0,2026-04-06 23:24:47.754909,0
TXN00403,USER036,Netflix,Entertainment,208.42,0,0,2026-06-08 00:31:47.754909,0
ATXN00016,USER026,Swiggy,Food,87108.82,17,5,2026-05-09 06:59:47.754909,1
TXN00207,USER024,Ola,Transport,449.27,9,1,2026-04-14 09:57:47.754909,0
TXN00658,USER037,IRCTC,Travel,4833.36,23,5,2026-05-16 23:00:47.754909,0
TXN00909,USER027,Dunzo,Groceries,1760.98,8,2,2026-04-29 08:29:47.754909,0
TXN00978,USER022,Flipkart,Shopping,4024.57,10,5,2026-06-06 10:00:47.754909,0
TXN00008,USER005,DMart,Groceries,2679.26,4,2,2026-05-13 04:13:47.754909,0
TXN00869,USER006,BookMyShow,Entertainment,222.49,4,3,2026-04-30 04:51:47.754909,0
TXN00036,USER009,Ola,Transport,175.31,4,4,2026-05-29 04:02:47.754909,0
TXN00452,USER023,Zepto,Groceries,616.91,6,1,2026-04-21 06:20:47.754909,0
TXN00651,USER026,PhonePe,Transfer,9772.87,0,2,2026-05-27 00:47:47.754909,0
TXN00253,USER040,Spotify,Entertainment,128.22,3,4,2026-05-08 03:19:47.754909,0
TXN00303,USER023,Blinkit,Groceries,2360.2,1,5,2026-05-09 01:30:47.754909,0
TXN00910,USER037,Blinkit,Groceries,1183.05,4,0,2026-06-22 04:04:47.754909,0
TXN00571,USER001,Flipkart,Shopping,861.38,2,4,2026-06-26 02:12:47.754909,0
TXN00623,USER013,Swiggy,Food,586.49,2,1,2026-05-12 02:04:47.754909,0
TXN00764,USER026,BookMyShow,Entertainment,1471.28,4,2,2026-06-24 04:45:47.754909,0
TXN00992,USER028,Zomato,Food,743.75,9,5,2026-05-09 09:24:47.754909,0
TXN00262,USER018,BigBasket,Groceries,1512.98,7,1,2026-06-16 07:18:47.754909,0
TXN00610,USER025,BookMyShow,Entertainment,1250.18,12,6,2026-05-17 12:29:47.754909,0
TXN00297,USER010,IRCTC,Travel,9152.72,5,0,2026-03-30 05:13:47.754909,0
TXN00414,USER009,Blinkit,Groceries,699.73,10,3,2026-06-04 10:01:47.754909,0
TXN00150,USER033,MakeMyTrip,Travel,10485.83,9,3,2026-06-25 09:45:47.754909,0
TXN00848,USER047,Flipkart,Shopping,3229.1,5,0,2026-06-01 05:38:47.754909,0
TXN00640,USER037,Netflix,Entertainment,863.98,13,3,2026-04-09 13:18:47.754909,0
TXN00956,USER042,Blinkit,Groceries,552.32,8,6,2026-04-26 08:03:47.754909,0
TXN00550,USER024,BigBasket,Groceries,2246.14,0,4,2026-04-10 00:48:47.754909,0
TXN00851,USER031,BookMyShow,Entertainment,1256.95,0,5,2026-06-13 00:39:47.754909,0
TXN00488,USER019,Dunzo,Groceries,275.37,3,1,2026-05-26 03:56:47.754909,0
TXN00710,USER005,PhonePe,Transfer,1376.41,6,5,2026-05-16 06:38:47.754909,0
TXN00147,USER008,Ola,Transport,465.76,3,1,2026-06-16 03:55:47.754909,0
TXN00146,USER044,Ola,Transport,179.65,11,6,2026-05-03 11:32:47.754909,0
TXN00777,USER027,PhonePe,Transfer,6960.07,9,4,2026-04-03 09:52:47.754909,0
ATXN00002,USER044,Zepto,Groceries,86347.26,16,4,2026-05-22 05:48:47.754909,1
TXN00853,USER050,Amazon,Shopping,4539.33,22,3,2026-06-04 22:25:47.754909,0
TXN00950,USER041,Zomato,Food,701.83,0,4,2026-04-24 00:43:47.754909,0
TXN00659,USER049,Zepto,Groceries,2441.26,1,0,2026-06-22 01:35:47.754909,0
TXN00348,USER004,Blinkit,Groceries,948.92,1,1,2026-04-28 01:34:47.754909,0
TXN00463,USER049,Nykaa,Shopping,4222.86,7,5,2026-05-16 07:52:47.754909,0
TXN00325,USER046,Myntra,Shopping,876.4,11,0,2026-04-06 11:39:47.754909,0
TXN00186,USER030,Ola,Transport,273.95,1,2,2026-06-10 01:42:47.754909,0
TXN00123,USER023,IRCTC,Travel,12838.82,12,0,2026-04-20 12:41:47.754909,0
TXN00919,USER005,BigBasket,Groceries,789.6,0,6,2026-05-17 00:34:47.754909,0
TXN00608,USER022,Myntra,Shopping,4541.73,1,5,2026-05-23 01:33:47.754909,0
TXN00143,USER043,Blinkit,Groceries,2853.25,3,3,2026-04-23 03:44:47.754909,0
TXN00751,USER043,DMart,Groceries,1985.11,4,0,2026-06-01 04:09:47.754909,0
ATXN00029,USER012,IRCTC,Travel,125348.69,23,4,2026-06-19 12:51:47.754909,1
TXN00197,USER035,Paytm,Transfer,7500.06,3,6,2026-04-19 03:36:47.754909,0
TXN00609,USER037,Blinkit,Groceries,319.55,22,0,2026-05-25 22:38:47.754909,0
TXN00279,USER022,Blinkit,Groceries,1621.53,23,3,2026-06-04 23:10:47.754909,0
TXN00293,USER001,Amazon,Shopping,3866.55,12,2,2026-05-27 12:07:47.754909,0
TXN00896,USER045,Spotify,Entertainment,1304.42,11,6,2026-04-19 11:35:47.754909,0
TXN00400,USER045,Amazon,Shopping,2438.4,8,5,2026-06-13 08:54:47.754909,0
TXN00122,USER002,Ola,Transport,387.71,9,0,2026-06-08 09:49:47.754909,0
TXN00183,USER024,Zomato,Food,313.55,6,5,2026-04-04 06:50:47.754909,0
TXN00202,USER025,Blinkit,Groceries,1473.4,6,0,2026-06-22 06:05:47.754909,0
TXN00438,USER047,Netflix,Entertainment,817.46,11,5,2026-05-30 11:34:47.754909,0
TXN00246,USER015,Nykaa,Shopping,2587.17,6,6,2026-06-21 06:30:47.754909,0
TXN00415,USER044,Ola,Transport,425.67,6,0,2026-03-30 06:57:47.754909,0
TXN00836,USER026,BigBasket,Groceries,1646.66,5,4,2026-05-15 05:01:47.754909,0
TXN00824,USER003,Nykaa,Shopping,2204.13,4,3,2026-06-11 04:26:47.754909,0
TXN00974,USER047,PhonePe,Transfer,871.56,0,4,2026-04-24 00:34:47.754909,0
TXN00827,USER001,Zepto,Groceries,1629.15,9,6,2026-05-17 09:00:47.754909,0
TXN00954,USER049,Ola,Transport,120.96,8,2,2026-04-08 08:27:47.754909,0
TXN00129,USER045,Zepto,Groceries,1162.52,7,5,2026-06-06 07:50:47.754909,0
TXN00637,USER045,Paytm,Transfer,4521.64,3,3,2026-04-30 03:43:47.754909,0
TXN00402,USER046,DMart,Groceries,2644.78,12,1,2026-04-07 12:01:47.754909,0
TXN00844,USER017,Zomato,Food,721.37,22,1,2026-04-14 22:38:47.754909,0
TXN00830,USER032,IRCTC,Travel,14118.04,5,3,2026-04-02 05:16:47.754909,0
TXN00735,USER045,BookMyShow,Entertainment,1008.03,0,5,2026-04-18 00:36:47.754909,0
TXN00981,USER035,BookMyShow,Entertainment,1256.44,5,4,2026-05-08 05:04:47.754909,0
TXN00219,USER005,Uber,Transport,73.58,1,2,2026-05-20 01:15:47.754909,0
TXN00641,USER002,Ola,Transport,123.2,22,6,2026-04-05 22:46:47.754909,0
TXN00983,USER039,MakeMyTrip,Travel,14417.45,22,4,2026-03-27 22:46:47.754909,0
TXN00810,USER012,Netflix,Entertainment,395.64,1,3,2026-06-18 01:38:47.754909,0
TXN00867,USER025,Spotify,Entertainment,1200.3,22,4,2026-06-05 22:38:47.754909,0
TXN00988,USER026,Ola,Transport,154.85,0,1,2026-05-05 00:04:47.754909,0
TXN00624,USER006,IRCTC,Travel,8360.81,12,6,2026-04-19 12:30:47.754909,0
TXN00903,USER028,Ola,Transport,416.39,5,4,2026-05-01 05:03:47.754909,0
TXN00819,USER029,Amazon,Shopping,3494.03,12,5,2026-05-09 12:57:47.754909,0
TXN00386,USER012,BigBasket,Groceries,2026.44,23,5,2026-04-25 23:26:47.754909,0
ATXN00038,USER028,Spotify,Entertainment,637.05,3,0,2026-05-25 16:38:47.754909,1
TXN00806,USER010,Spotify,Entertainment,1215.28,7,4,2026-06-05 07:08:47.754909,0
TXN00509,USER008,Dunzo,Groceries,723.49,3,4,2026-05-08 03:57:47.754909,0
TXN00267,USER029,Myntra,Shopping,1811.18,1,2,2026-05-27 01:31:47.754909,0
TXN00881,USER029,Uber,Transport,444.25,6,1,2026-06-09 06:12:47.754909,0
TXN00441,USER010,Dunzo,Groceries,2817.32,10,2,2026-06-10 10:46:47.754909,0
TXN00496,USER033,BookMyShow,Entertainment,247.43,5,3,2026-04-09 05:42:47.754909,0
TXN00112,USER045,IRCTC,Travel,10207.15,3,0,2026-06-08 03:57:47.754909,0
TXN00691,USER021,Zepto,Groceries,2343.33,10,5,2026-04-04 10:10:47.754909,0
TXN00232,USER043,Dunzo,Groceries,1123.01,10,6,2026-04-12 10:50:47.754909,0
TXN00935,USER042,DMart,Groceries,2461.21,5,1,2026-06-23 05:46:47.754909,0
TXN00607,USER005,BigBasket,Groceries,1830.51,23,2,2026-04-29 23:29:47.754909,0
TXN00671,USER048,Blinkit,Groceries,2922.99,1,6,2026-04-26 01:47:47.754909,0
TXN00373,USER031,Paytm,Transfer,5508.1,6,0,2026-06-22 06:07:47.754909,0
TXN00663,USER021,BigBasket,Groceries,443.68,10,6,2026-06-07 10:03:47.754909,0
TXN00908,USER024,Blinkit,Groceries,1459.59,5,5,2026-05-09 05:51:47.754909,0
TXN00233,USER020,BookMyShow,Entertainment,1315.2,7,4,2026-04-03 07:06:47.754909,0
ATXN00014,USER039,Spotify,Entertainment,196968.93,11,3,2026-05-07 00:59:47.754909,1
TXN00845,USER047,Flipkart,Shopping,2728.21,22,6,2026-05-17 22:24:47.754909,0
TXN00676,USER013,Zepto,Groceries,2662.13,2,1,2026-03-31 02:40:47.754909,0
TXN00317,USER010,Spotify,Entertainment,608.0,2,0,2026-06-22 02:29:47.754909,0
TXN00648,USER004,Zomato,Food,362.89,12,5,2026-06-06 12:37:47.754909,0
TXN00410,USER005,Netflix,Entertainment,1080.24,23,3,2026-06-04 23:27:47.754909,0
TXN00965,USER027,IRCTC,Travel,11603.14,6,3,2026-04-16 06:48:47.754909,0
TXN00709,USER023,Swiggy,Food,531.21,5,1,2026-04-28 05:12:47.754909,0
TXN00358,USER022,DMart,Groceries,532.67,9,3,2026-04-09 09:51:47.754909,0
TXN00258,USER012,Amazon,Shopping,1410.46,5,2,2026-04-15 05:40:47.754909,0
TXN00744,USER031,DMart,Groceries,352.79,3,3,2026-06-18 03:00:47.754909,0
TXN00627,USER010,Paytm,Transfer,7197.68,22,3,2026-05-07 22:29:47.754909,0
TXN00632,USER045,Nykaa,Shopping,4127.93,7,4,2026-05-15 07:14:47.754909,0
TXN00282,USER019,Netflix,Entertainment,1046.58,12,0,2026-04-27 12:07:47.754909,0
TXN00376,USER037,Netflix,Entertainment,884.24,6,5,2026-05-02 06:35:47.754909,0
TXN00384,USER013,Flipkart,Shopping,2212.47,13,2,2026-05-27 13:09:47.754909,0
TXN00224,USER040,Paytm,Transfer,6122.14,1,6,2026-04-05 01:45:47.754909,0
ATXN00026,USER013,MakeMyTrip,Travel,190065.28,3,2,2026-04-15 17:17:47.754909,1
TXN00876,USER006,Myntra,Shopping,2733.39,0,4,2026-06-26 00:26:47.754909,0
TXN00472,USER018,Swiggy,Food,758.93,9,5,2026-05-23 09:16:47.754909,0
TXN00347,USER030,Netflix,Entertainment,820.49,7,4,2026-04-10 07:43:47.754909,0
TXN00505,USER012,BookMyShow,Entertainment,1441.81,10,6,2026-04-26 10:08:47.754909,0
TXN00639,USER025,MakeMyTrip,Travel,11122.48,10,5,2026-04-18 10:59:47.754909,0
ATXN00045,USER003,Zepto,Groceries,192463.08,4,4,2026-06-05 17:52:47.754909,1
TXN00797,USER005,Myntra,Shopping,2827.44,11,3,2026-06-25 11:09:47.754909,0
TXN00999,USER033,Zomato,Food,474.67,23,2,2026-04-29 23:53:47.754909,0
TXN00973,USER005,Zomato,Food,673.02,23,3,2026-04-30 23:14:47.754909,0
TXN00619,USER007,Zepto,Groceries,1200.81,4,2,2026-06-10 04:38:47.754909,0
TXN00952,USER045,Spotify,Entertainment,1204.59,23,5,2026-03-28 23:05:47.754909,0
TXN00864,USER023,Dunzo,Groceries,1753.75,7,2,2026-04-29 07:04:47.754909,0
TXN00645,USER007,Flipkart,Shopping,3154.39,2,4,2026-05-22 02:31:47.754909,0
TXN00912,USER040,Zepto,Groceries,1564.98,23,5,2026-05-23 23:52:47.754909,0
TXN00556,USER036,Amazon,Shopping,1464.6,23,2,2026-06-17 23:43:47.754909,0
TXN00681,USER037,BigBasket,Groceries,998.19,22,4,2026-05-15 22:38:47.754909,0
TXN00577,USER048,Uber,Transport,398.0,0,1,2026-06-09 00:42:47.754909,0
TXN00795,USER005,BigBasket,Groceries,2854.99,22,4,2026-04-17 22:08:47.754909,0
TXN00085,USER049,Flipkart,Shopping,3396.6,7,6,2026-05-03 07:33:47.754909,0
TXN00242,USER049,Nykaa,Shopping,3102.25,1,4,2026-04-03 01:38:47.754909,0
TXN00698,USER008,Netflix,Entertainment,464.04,12,0,2026-05-04 12:22:47.754909,0
TXN00940,USER006,PhonePe,Transfer,2765.03,21,4,2026-05-22 21:42:47.754909,0
TXN00159,USER035,Blinkit,Groceries,2916.52,22,6,2026-05-17 22:10:47.754909,0
TXN00524,USER047,Dunzo,Groceries,2505.19,23,1,2026-05-12 23:16:47.754909,0
TXN00035,USER033,Zomato,Food,244.84,7,2,2026-04-01 07:32:47.754909,0
TXN00540,USER044,Nykaa,Shopping,913.79,8,4,2026-05-29 08:25:47.754909,0
TXN00170,USER010,PhonePe,Transfer,7287.9,13,3,2026-06-11 13:23:47.754909,0
TXN00654,USER015,MakeMyTrip,Travel,1146.95,11,5,2026-05-23 11:44:47.754909,0
TXN00970,USER014,Ola,Transport,322.68,22,6,2026-04-05 22:27:47.754909,0
TXN00923,USER043,Amazon,Shopping,917.0,21,4,2026-04-17 21:30:47.754909,0
TXN00913,USER022,PhonePe,Transfer,4691.15,3,2,2026-04-15 03:08:47.754909,0
ATXN00015,USER046,Dunzo,Groceries,77962.61,22,6,2026-06-07 12:27:47.754909,1
TXN00733,USER026,BigBasket,Groceries,1243.34,2,6,2026-05-10 02:35:47.754909,0
TXN00095,USER016,Ola,Transport,427.94,13,5,2026-05-02 13:08:47.754909,0
TXN00563,USER005,Flipkart,Shopping,3884.81,22,6,2026-04-05 22:05:47.754909,0
TXN00240,USER027,Swiggy,Food,146.07,3,2,2026-06-03 03:52:47.754909,0
TXN00742,USER043,Zepto,Groceries,1664.69,0,3,2026-06-25 00:55:47.754909,0
TXN00863,USER024,BookMyShow,Entertainment,872.5,12,6,2026-06-07 12:39:47.754909,0
TXN00574,USER046,Paytm,Transfer,8090.37,23,3,2026-04-30 23:44:47.754909,0
TXN00690,USER010,Uber,Transport,167.52,6,4,2026-06-19 06:40:47.754909,0
TXN00460,USER021,Dunzo,Groceries,1777.83,3,2,2026-04-01 03:27:47.754909,0
TXN00553,USER044,Myntra,Shopping,3251.98,11,3,2026-04-16 11:07:47.754909,0
TXN00857,USER035,Ola,Transport,459.54,7,1,2026-04-07 07:06:47.754909,0
TXN00944,USER001,Flipkart,Shopping,1203.3,10,2,2026-04-29 10:21:47.754909,0
TXN00206,USER007,Zomato,Food,761.31,12,1,2026-05-05 12:35:47.754909,0
TXN00392,USER040,Swiggy,Food,610.36,3,0,2026-05-04 03:39:47.754909,0
TXN00794,USER033,MakeMyTrip,Travel,7558.67,3,0,2026-05-04 03:48:47.754909,0
TXN00870,USER042,DMart,Groceries,305.71,10,5,2026-05-16 10:07:47.754909,0
TXN00397,USER020,Netflix,Entertainment,1069.57,0,5,2026-04-04 00:57:47.754909,0
TXN00766,USER045,DMart,Groceries,2160.04,7,0,2026-06-01 07:21:47.754909,0
TXN00914,USER005,BookMyShow,Entertainment,983.41,10,1,2026-06-09 10:22:47.754909,0
TXN00217,USER002,Amazon,Shopping,2839.01,1,6,2026-04-19 01:10:47.754909,0
TXN00004,USER028,Nykaa,Shopping,1607.5,3,5,2026-03-28 03:12:47.754909,0
TXN00768,USER044,DMart,Groceries,2200.28,9,1,2026-06-23 09:26:47.754909,0
TXN00642,USER011,Paytm,Transfer,2685.16,23,3,2026-04-09 23:49:47.754909,0
TXN00964,USER034,DMart,Groceries,868.6,9,6,2026-04-05 09:40:47.754909,0
TXN00612,USER019,MakeMyTrip,Travel,13309.65,5,2,2026-04-01 05:09:47.754909,0
TXN00738,USER044,Spotify,Entertainment,1190.61,22,5,2026-06-13 22:23:47.754909,0
TXN00546,USER014,Ola,Transport,243.15,0,2,2026-04-08 00:28:47.754909,0
TXN00725,USER016,Dunzo,Groceries,1589.79,12,3,2026-04-23 12:49:47.754909,0
TXN00985,USER036,Myntra,Shopping,4321.89,6,0,2026-03-30 06:26:47.754909,0
TXN00683,USER050,Uber,Transport,343.21,22,6,2026-05-31 22:23:47.754909,0
TXN00098,USER027,Spotify,Entertainment,1071.22,3,4,2026-06-26 03:32:47.754909,0
TXN00804,USER026,PhonePe,Transfer,6105.0,11,6,2026-05-03 11:52:47.754909,0
TXN00727,USER047,IRCTC,Travel,2662.6,0,2,2026-04-08 00:14:47.754909,0
TXN00573,USER002,Amazon,Shopping,3823.95,1,4,2026-05-01 01:17:47.754909,0
TXN00406,USER004,IRCTC,Travel,1818.65,12,0,2026-06-01 12:19:47.754909,0
TXN00502,USER046,MakeMyTrip,Travel,5124.19,23,0,2026-05-04 23:19:47.754909,0
TXN00047,USER021,PhonePe,Transfer,2255.24,23,4,2026-04-03 23:15:47.754909,0
TXN00032,USER034,Spotify,Entertainment,1493.2,8,4,2026-06-19 08:56:47.754909,0
TXN00779,USER041,Myntra,Shopping,3216.64,5,5,2026-05-23 05:26:47.754909,0
TXN00839,USER012,BigBasket,Groceries,1640.72,3,5,2026-05-02 03:37:47.754909,0
TXN00200,USER036,Amazon,Shopping,3844.51,10,5,2026-04-25 10:22:47.754909,0
TXN00134,USER019,Dunzo,Groceries,554.43,23,2,2026-04-01 23:03:47.754909,0
TXN00027,USER004,IRCTC,Travel,782.41,6,2,2026-05-13 06:43:47.754909,0
TXN00946,USER048,Ola,Transport,381.93,3,2,2026-04-01 03:57:47.754909,0
TXN00230,USER007,IRCTC,Travel,1473.43,23,0,2026-04-06 23:55:47.754909,0
TXN00489,USER041,BigBasket,Groceries,2493.1,12,1,2026-05-19 12:36:47.754909,0
TXN00772,USER004,Swiggy,Food,456.37,9,1,2026-03-31 09:37:47.754909,0
TXN00378,USER029,PhonePe,Transfer,516.46,9,1,2026-04-07 09:27:47.754909,0
TXN00288,USER028,Flipkart,Shopping,1582.12,2,0,2026-06-01 02:21:47.754909,0
TXN00418,USER005,BookMyShow,Entertainment,960.51,4,0,2026-03-30 04:41:47.754909,0
TXN00674,USER011,IRCTC,Travel,11512.65,23,2,2026-05-13 23:00:47.754909,0
TXN00391,USER012,Blinkit,Groceries,1125.92,6,0,2026-05-25 06:13:47.754909,0
TXN00592,USER024,Ola,Transport,453.78,11,1,2026-06-02 11:12:47.754909,0
TXN00498,USER002,Spotify,Entertainment,747.75,1,0,2026-06-22 01:50:47.754909,0
TXN00138,USER010,Spotify,Entertainment,787.94,22,0,2026-06-08 22:37:47.754909,0
TXN00062,USER017,Uber,Transport,69.84,2,5,2026-05-09 02:08:47.754909,0
TXN00471,USER006,Amazon,Shopping,3776.38,8,3,2026-05-07 08:34:47.754909,0
TXN00647,USER007,Dunzo,Groceries,942.74,6,6,2026-05-03 06:43:47.754909,0
TXN00128,USER036,Spotify,Entertainment,1068.19,8,2,2026-05-06 08:58:47.754909,0
ATXN00040,USER038,MakeMyTrip,Travel,158397.02,11,0,2026-04-20 01:17:47.754909,1
TXN00520,USER006,IRCTC,Travel,6526.64,12,5,2026-05-23 12:38:47.754909,0
TXN00838,USER015,DMart,Groceries,218.47,11,1,2026-04-14 11:38:47.754909,0
ATXN00031,USER043,BookMyShow,Entertainment,188815.26,21,5,2026-04-25 11:15:47.754909,1
TXN00064,USER003,Blinkit,Groceries,410.68,2,2,2026-06-24 02:02:47.754909,0
TXN00812,USER036,Nykaa,Shopping,4305.58,12,5,2026-06-06 12:09:47.754909,0
TXN00014,USER018,Zomato,Food,244.91,7,2,2026-04-01 07:53:47.754909,0
TXN00156,USER011,Netflix,Entertainment,671.1,1,4,2026-05-08 01:22:47.754909,0
TXN00040,USER013,Paytm,Transfer,8025.87,4,4,2026-04-10 04:40:47.754909,0
TXN00492,USER003,Dunzo,Groceries,1618.52,11,2,2026-06-24 11:02:47.754909,0
TXN00379,USER035,Uber,Transport,386.3,4,4,2026-04-24 04:20:47.754909,0
TXN00187,USER030,Uber,Transport,256.81,22,5,2026-06-20 22:25:47.754909,0
TXN00763,USER025,Blinkit,Groceries,1284.74,8,4,2026-06-12 08:00:47.754909,0
TXN00216,USER010,Amazon,Shopping,4006.63,21,3,2026-06-11 21:45:47.754909,0
TXN00921,USER042,BigBasket,Groceries,491.0,1,0,2026-06-15 01:33:47.754909,0
TXN00791,USER044,Netflix,Entertainment,723.38,4,3,2026-06-18 04:30:47.754909,0
TXN00052,USER026,Myntra,Shopping,3447.71,4,3,2026-05-07 04:44:47.754909,0
TXN00878,USER026,Ola,Transport,322.86,12,1,2026-04-21 12:27:47.754909,0
TXN00337,USER042,Uber,Transport,106.33,0,1,2026-05-05 00:00:47.754909,0
TXN00748,USER008,Nykaa,Shopping,2406.06,11,5,2026-05-30 11:48:47.754909,0
TXN00719,USER045,Dunzo,Groceries,907.67,1,3,2026-06-25 01:41:47.754909,0
TXN00724,USER003,Myntra,Shopping,1982.23,6,1,2026-05-19 06:38:47.754909,0
TXN00295,USER020,DMart,Groceries,1677.76,6,5,2026-04-11 06:43:47.754909,0
TXN00701,USER022,BookMyShow,Entertainment,174.74,1,3,2026-04-16 01:40:47.754909,0
TXN00251,USER021,Zomato,Food,394.08,0,0,2026-05-25 00:23:47.754909,0
TXN00726,USER037,Swiggy,Food,89.18,1,2,2026-04-08 01:21:47.754909,0
TXN00461,USER046,Swiggy,Food,772.26,2,3,2026-06-11 02:16:47.754909,0
TXN00455,USER026,BigBasket,Groceries,2030.46,22,3,2026-06-18 22:33:47.754909,0
TXN00270,USER019,Zepto,Groceries,1907.46,9,2,2026-05-13 09:26:47.754909,0
TXN00815,USER013,Ola,Transport,95.02,0,0,2026-06-15 00:25:47.754909,0
TXN00862,USER014,DMart,Groceries,971.57,10,1,2026-06-23 10:16:47.754909,0
TXN00269,USER034,Flipkart,Shopping,483.97,11,4,2026-06-26 11:56:47.754909,0
ATXN00023,USER037,Zepto,Groceries,114509.64,12,4,2026-06-19 02:27:47.754909,1
TXN00201,USER035,Netflix,Entertainment,225.51,21,5,2026-05-16 21:44:47.754909,0
TXN00161,USER036,IRCTC,Travel,9568.43,3,4,2026-04-03 03:45:47.754909,0
TXN00555,USER021,Blinkit,Groceries,1850.81,8,5,2026-05-16 08:55:47.754909,0
TXN00729,USER003,Uber,Transport,258.92,3,3,2026-04-09 03:23:47.754909,0
TXN00401,USER016,Dunzo,Groceries,2755.83,4,3,2026-06-04 04:16:47.754909,0
TXN00702,USER046,BookMyShow,Entertainment,1482.06,1,0,2026-05-25 01:48:47.754909,0
TXN00476,USER036,Swiggy,Food,290.13,0,5,2026-05-16 00:14:47.754909,0
TXN00821,USER035,DMart,Groceries,429.53,2,5,2026-05-02 02:25:47.754909,0
TXN00771,USER028,BookMyShow,Entertainment,1043.62,7,3,2026-06-04 07:24:47.754909,0
TXN00105,USER042,Swiggy,Food,732.99,21,2,2026-06-10 21:33:47.754909,0
TXN00565,USER045,Zepto,Groceries,1002.17,10,6,2026-05-31 10:55:47.754909,0
TXN00389,USER042,Nykaa,Shopping,3133.08,6,5,2026-05-09 06:57:47.754909,0
TXN00001,USER028,Blinkit,Groceries,2094.76,0,4,2026-06-05 00:05:47.754909,0
ATXN00008,USER048,Blinkit,Groceries,404.04,1,4,2026-05-08 14:41:47.754909,1
ATXN00043,USER008,Paytm,Transfer,147286.46,2,5,2026-04-11 15:33:47.754909,1
TXN00561,USER021,DMart,Groceries,398.83,9,6,2026-03-29 09:27:47.754909,0
TXN00931,USER015,PhonePe,Transfer,190.41,7,4,2026-05-22 07:06:47.754909,0
TXN00080,USER026,PhonePe,Transfer,5120.51,10,6,2026-06-21 10:48:47.754909,0
TXN00205,USER009,MakeMyTrip,Travel,13686.12,10,1,2026-05-05 10:35:47.754909,0
TXN00034,USER005,Nykaa,Shopping,2903.43,4,3,2026-06-11 04:28:47.754909,0
TXN00942,USER006,IRCTC,Travel,14970.47,22,0,2026-05-25 22:49:47.754909,0
TXN00775,USER044,Dunzo,Groceries,290.46,1,6,2026-05-24 01:07:47.754909,0
TXN00508,USER007,Myntra,Shopping,1267.19,0,4,2026-06-26 00:04:47.754909,0
TXN00427,USER015,PhonePe,Transfer,3826.96,12,3,2026-06-04 12:43:47.754909,0
TXN00454,USER044,Nykaa,Shopping,1443.08,4,3,2026-06-25 04:47:47.754909,0
ATXN00037,USER029,Zomato,Food,108109.68,1,0,2026-04-20 14:46:47.754909,1
TXN00366,USER004,Swiggy,Food,509.77,5,3,2026-04-30 05:14:47.754909,0
TXN00091,USER008,Zepto,Groceries,1500.74,5,6,2026-06-07 05:26:47.754909,0
TXN00339,USER037,DMart,Groceries,2217.77,8,5,2026-06-13 08:21:47.754909,0
TXN00897,USER044,Zepto,Groceries,1488.2,21,1,2026-06-23 21:28:47.754909,0
TXN00564,USER026,Swiggy,Food,268.77,23,2,2026-04-01 23:18:47.754909,0
TXN00345,USER046,MakeMyTrip,Travel,3458.33,1,5,2026-06-13 01:48:47.754909,0
TXN00776,USER033,Dunzo,Groceries,2621.56,9,3,2026-06-18 09:43:47.754909,0
TXN00241,USER021,MakeMyTrip,Travel,5442.99,7,3,2026-05-14 07:14:47.754909,0
TXN00013,USER021,Uber,Transport,495.29,5,2,2026-06-17 05:11:47.754909,0
TXN00315,USER028,MakeMyTrip,Travel,5597.43,9,3,2026-04-02 09:07:47.754909,0
TXN00600,USER044,Uber,Transport,433.62,3,2,2026-04-08 03:19:47.754909,0
TXN00387,USER026,BookMyShow,Entertainment,1335.03,23,5,2026-04-18 23:21:47.754909,0
TXN00273,USER043,DMart,Groceries,2645.18,0,5,2026-05-09 00:05:47.754909,0
TXN00166,USER031,PhonePe,Transfer,5137.83,11,4,2026-05-01 11:21:47.754909,0
TXN00840,USER022,Flipkart,Shopping,2002.45,4,6,2026-04-12 04:54:47.754909,0
TXN00020,USER025,Flipkart,Shopping,4022.77,23,2,2026-05-20 23:52:47.754909,0
TXN00646,USER036,Paytm,Transfer,2134.95,11,1,2026-04-21 11:12:47.754909,0
TXN00818,USER024,Swiggy,Food,305.51,10,5,2026-04-25 10:45:47.754909,0
TXN00484,USER012,DMart,Groceries,2852.38,12,2,2026-04-22 12:48:47.754909,0
ATXN00042,USER017,MakeMyTrip,Travel,184492.63,2,6,2026-05-24 15:33:47.754909,1
TXN00504,USER036,Ola,Transport,282.2,2,5,2026-06-06 02:49:47.754909,0
TXN00831,USER043,Ola,Transport,78.29,4,3,2026-05-14 04:30:47.754909,0
TXN00243,USER043,DMart,Groceries,339.33,5,1,2026-04-07 05:56:47.754909,0
TXN00566,USER006,Spotify,Entertainment,214.48,1,3,2026-06-04 01:45:47.754909,0
TXN00875,USER038,Uber,Transport,400.85,9,1,2026-05-12 09:53:47.754909,0
TXN00562,USER035,Amazon,Shopping,2118.14,10,0,2026-06-08 10:51:47.754909,0
ATXN00025,USER020,Amazon,Shopping,54422.5,3,0,2026-05-18 16:54:47.754909,1
TXN00686,USER044,Netflix,Entertainment,742.06,11,4,2026-04-24 11:47:47.754909,0
TXN00957,USER045,Netflix,Entertainment,1227.54,3,5,2026-05-23 03:29:47.754909,0
TXN00189,USER020,Nykaa,Shopping,1706.02,5,3,2026-05-21 05:57:47.754909,0
TXN00975,USER043,Ola,Transport,289.25,4,1,2026-04-21 04:01:47.754909,0
TXN00699,USER013,IRCTC,Travel,1278.32,23,1,2026-06-16 23:58:47.754909,0
TXN00510,USER025,Uber,Transport,351.82,8,4,2026-05-29 08:06:47.754909,0
TXN00474,USER023,Dunzo,Groceries,1634.83,21,3,2026-04-09 21:33:47.754909,0
TXN00856,USER050,Nykaa,Shopping,759.27,5,1,2026-04-14 05:58:47.754909,0
TXN00747,USER029,Spotify,Entertainment,663.99,23,6,2026-04-26 23:57:47.754909,0
TXN00252,USER008,Nykaa,Shopping,2317.64,10,0,2026-05-18 10:46:47.754909,0
TXN00021,USER001,DMart,Groceries,2989.14,6,2,2026-06-03 06:03:47.754909,0
TXN00459,USER018,Nykaa,Shopping,2534.85,0,3,2026-04-02 00:11:47.754909,0
TXN00276,USER024,Zepto,Groceries,461.67,11,6,2026-06-21 11:00:47.754909,0
TXN00955,USER035,Zomato,Food,123.04,2,3,2026-06-18 02:12:47.754909,0
TXN00385,USER050,PhonePe,Transfer,3279.56,23,2,2026-06-17 23:26:47.754909,0
TXN00805,USER048,Swiggy,Food,421.27,4,3,2026-06-04 04:36:47.754909,0
TXN00343,USER030,IRCTC,Travel,4050.73,9,1,2026-06-23 09:47:47.754909,0
TXN00769,USER035,Amazon,Shopping,4912.28,3,4,2026-06-19 03:00:47.754909,0
TXN00130,USER047,MakeMyTrip,Travel,4428.29,4,2,2026-04-29 04:35:47.754909,0
TXN00871,USER012,Zepto,Groceries,1002.11,23,3,2026-06-11 23:17:47.754909,0
TXN00087,USER027,Zomato,Food,256.29,23,1,2026-05-26 23:57:47.754909,0
TXN00330,USER006,Nykaa,Shopping,2033.88,2,5,2026-06-06 02:07:47.754909,0
TXN00466,USER021,Paytm,Transfer,6091.17,10,6,2026-06-14 10:17:47.754909,0
TXN00121,USER029,Nykaa,Shopping,1561.46,23,0,2026-04-27 23:45:47.754909,0
ATXN00044,USER047,MakeMyTrip,Travel,104441.51,5,3,2026-06-25 18:52:47.754909,1
TXN00860,USER038,BookMyShow,Entertainment,606.54,11,3,2026-04-16 11:09:47.754909,0
